Workbook

Sheet Deckblatt
A1: Fußbodenheizung – Auslegung nach DIN EN 1264
A2: Eingaben · Verarbeitung · Ergebnisse
A3: ="Projekt-Nr.: "&'Grundeinstellungen'!$C$2&" Projekt: "&'Grundeinstellungen'!$C$3&" Bearbeiter: "&'Grundeinstellungen'!$M$2
A5: EINGABEN | E5: BERECHNUNG | I5: ERGEBNISSE
A6: Globale Vorgaben | D6: → | E6: Heizleistung nach oben (EN 1264) | H6: → | I6: Je Raum
A7: • Vorlauf- und Rücklauftemperatur | E7: q = B · aB · aTmT · aümü · aDmD · ΔθH | I7: • Spezifische Heizleistung
A8: • Rohrsystem und Stoffwerte | E8: ΔθH = (θV − θR) / ln[(θV − θi) / (θR − θi)] | I8: • Oberflächentemperatur
A9: • Wärmeübergang und Estrichaufbau | E9: mT = 1 − Abstand / 0,075 | I9: • Deckungsgrad (Ampelbewertung)
A10: • Dämmung nach unten | E10: • Faktoren je R-Wert (Konstanten-Tabelle) | I10: • Rohrlänge je Heizkreis (Ampel)
A11: • Grenzwerte (Länge, Druck, Strömung) | E11: Oberflächentemperatur | I11: • Massenstrom und Volumenstrom
A12: Je Raum | E12: θF = θi + q / α | I12: • Strömungsgeschwindigkeit
A13: • Raumfläche und aktivierbare Fläche | E13: Hydraulik / Druckverlust | I13: • Druckverlust je Heizkreis (Ampel)
A14: • Heizlast und Raumtemperatur | E14: • Maßgebliche Leistung → Massenstrom | I14: Je Heizkreisverteiler
A15: • Bodenbelag-Widerstand, Verlegeabstand | E15: Δp = λ · (L / di) · (ρ / 2) · v² | I15: • Leistung und Volumenstrom
A16: • Anzahl Heizkreise, Zuleitung, Zone | E16: • Strömung: Reynolds-Zahl, Rohrreibung | I16: • Maximaler Druckverlust
A17: • Heizkreisverteiler | E17: • Rohrlängen je Heizkreis | I17: Gesamt
A18: EN-1264-Faktoren | E18: Prüfungen (Ampelbewertung) | I18: • Kontrolle und Warnübersicht
A19: • B, a_B, a_T, a_ü, a_D (Konstanten) | E19: • Deckung, Temperatur, Druckverlust
A22: Formelzeichen: θV / θR Vorlauf- / Rücklauftemperatur · θi Raumtemperatur · θF Oberflächentemperatur · B Systemkoeffizient · a_B / a_T Bodenbelag- / Teilungsfaktor · a_ü / a_D Überdeckungs- / Durchmesserfaktor · α Wärmeübergangskoeffizient · λ Rohrreibungszahl · ρ Dichte · v Strömungsgeschwindigkeit
A23: Überschlägige Auslegung – Vereinfachungen und Annahmen siehe Blatt „Methodik“.

Sheet Grundeinstellungen
A1: Globale Grundeinstellungen – Fußbodenheizung (DIN EN 1264)
A2: Projekt-Nr. | L2: Bearbeiter:
A3: Projektname
A5: Heizmedium / Temperaturen | H5: Wärmeübergang / Fußbodenaufbau
A6: Vorlauftemperatur θV | C6: 35 | D6: °C | E6: Auslegungs-Vorlauf | H6: Wärmeübergang Oberfläche α | J6: 10.8 | K6: W/m²K | L6: Boden → Raum (EN 1264)
A7: Rücklauftemperatur θR | C7: 28 | D7: °C | E7: Auslegungs-Rücklauf | H7: Estrichüberdeckung über Rohr sü | J7: 0.045 | K7: m | L7: Estrich über den Rohren
A8: Spreizung θV − θR | C8: =C6-C7 | D8: K | E8: berechnet | H8: Wärmeleitfähigkeit Estrich λE | J8: 1.2 | K8: W/mK | L8: Zementestrich typ. 1,2
A10: Grenzwerte | H10: Wärmeabgabe nach unten (Dämmung, global)
A11: Maximale zulässige Kreislänge | C11: 120 | D11: m | E11: Obergrenze je Heizkreis | H11: Wärmedurchlasswiderstand Ru | J11: 2 | K11: m²K/W | L11: Dämmung unter den Rohren
A12: Maximaler Druckverlust je Kreis | C12: 15000 | D12: Pa | E12: Warnschwelle | H12: Temperatur unter der Decke θu | J12: 10 | K12: °C | L12: Raum/Erdreich unter FBH
H13: Wärmestrom nach unten qu | J13: =((C6+C7)/2-J12)/J11 | K13: W/m² | L13: Mittel θm = (θV+θR)/2
A14: Stoffwerte Heizmedium (Wasser ~30 °C)
A15: Dichte ρ | C15: 995.7 | D15: kg/m³ | E15: Dichte des Mediums | H15: Rohrsystem-Auswahl (Werte aus Konstanten)
A16: spezifische Wärmekapazität cp | C16: 4180 | D16: J/(kg·K) | E16: spez. Wärmekapazität | H16: Gewähltes Rohrsystem | J16: PE-Xa 17x2 | L16: Dropdown
A17: kinematische Viskosität ν | C17: 8.01e-07 | D17: m²/s | E17: für die Reynolds-Zahl | H17: → Außendurchmesser da | J17: =VLOOKUP($J$16,'Konstanten'!$A$18:$E$25,2,FALSE) | K17: mm | L17: aus Rohrbibliothek
H18: → Wandstärke s | J18: =VLOOKUP($J$16,'Konstanten'!$A$18:$E$25,3,FALSE) | K18: mm | L18: aus Rohrbibliothek
A19: Strömungsgrenzwerte | H19: → Innendurchmesser di | J19: =VLOOKUP($J$16,'Konstanten'!$A$18:$E$25,4,FALSE) | K19: mm | L19: di = da − 2·s
A20: Minimale Geschwindigkeit vmin | C20: 0.1 | D20: m/s | E20: untere empfohlene Grenze | H20: → Rauheit k | J20: =VLOOKUP($J$16,'Konstanten'!$A$18:$E$25,5,FALSE) | K20: mm | L20: aus Rohrbibliothek
A21: Maximale Geschwindigkeit vmax | C21: 0.5 | D21: m/s | E21: obere empfohlene Grenze | H21: → Innendurchmesser di | J21: =J19/1000 | K21: m | L21: für die Berechnung
A22: Max. Volumenstrom je Kreis V̇max | C22: 150 | D22: l/h | E22: Warnschwelle je Heizkreis | H22: → Innenquerschnitt Ai | J22: =PI()/4*J21^2 | K22: m² | L22: für die Berechnung
A23: Druckverlust-Zuschläge | H23: Gilt für Bauart A nach DIN EN 1264 (Heizrohre im Estrich).
A24: Zuschlag Einzelwiderstände | C24: 0.05 | D24: - | E24: Formstücke (5 %)
A25: Aufschlag Verteiler je Kreis | C25: 500 | D25: Pa | E25: fester Wert je Verteiler

Sheet Auslegung
A1: Fußbodenheizung – Auslegung (DIN EN 1264)
A2: ="Projekt-Nr. "&'Grundeinstellungen'!$C$2&" Projekt "&'Grundeinstellungen'!$C$3 | AB2: ="Bearbeiter "&'Grundeinstellungen'!$M$2
A4: Heizkreis- verteiler | B4: Raum-Nr. | C4: Raum- bezeichnung | D4: Raum-fläche | E4: Raum- temperatur | F4: Heizlast | G4: spez. Heizlast | H4: aktivier- bare Fläche | I4: R-Wert Bodenbelag | J4: Verlege–abstand | K4: Anz. HK | L4: Zuleitungs- länge | M4: Zone | N4: log. Übertemperatur | O4: Bodenbelag-Faktor | P4: Teilungs- faktor | Q4: spez. Heiz- leistung | R4: Ober- flächen- temperatur | S4: max. Oberflächentemp. | T4: Leistung FBH | U4: Über-/Unter- deckung | V4: Deckung | W4: Verlust nach unten | X4: maßgebl. Leistung | Y4: Rohrlänge Fläche | Z4: Rohrlänge Zuleitung | AA4: Rohrlänge gesamt | AB4: Rohrlänge je Kreis | AC4: Massenstrom je Kreis | AD4: Volumen-strom je Kreis | AE4: Geschwin-digkeit | AF4: Reynolds-Zahl | AG4: Strömungsbereich | AH4: Rohrreibungszahl | AI4: Δp Reibung | AJ4: spez. Druckverlust | AK4: Druck- verlust
A5: HKV | D5: AR | E5: θi | F5: Q | G5: qHL | H5: AF | I5: Rλ,B | J5: VA | K5: n | L5: Lzu | N5: ΔθH | O5: aB | P5: aT | Q5: q | R5: θF | S5: θF,max | T5: Qo | U5: ΔQ | W5: Qu | X5: Qm | Y5: LF | Z5: LZ | AA5: Lges | AB5: LK | AC5: ṁ | AD5: V̇ | AE5: v | AF5: Re | AH5: λ | AI5: ΔpR | AJ5: R | AK5: Δp
D6: [m²] | E6: [°C] | F6: [W] | G6: [W/m²] | H6: [m²] | I6: [m²·K/W] | J6: [mm] | K6: [-] | L6: [m] | N6: [K] | O6: [-] | P6: [-] | Q6: [W/m²] | R6: [°C] | S6: [°C] | T6: [W] | U6: [W] | V6: [%] | W6: [W] | X6: [W] | Y6: [m] | Z6: [m] | AA6: [m] | AB6: [m] | AC6: [kg/h] | AD6: [l/h] | AE6: [m/s] | AF6: [-] | AG6: [-] | AH6: [-] | AI6: [Pa] | AJ6: [Pa/m] | AK6: [Pa]
A7: HKV EG | B7: 001 | C7: Foyer/Empfang | D7: 40 | E7: 20 | F7: 1800 | G7: =IF($B7="","",IFERROR($F7/$D7,"")) | H7: 36 | I7: 0 | J7: 100 | K7: 3 | L7: 6 | M7: RZ | N7: =IF($B7="","",IFERROR(('Grundeinstellungen'!$C$6-'Grundeinstellungen'!$C$7)/LN(('Grundeinstellungen'!$C$6-$E7)/('Grundeinstellungen'!$C$7-$E7)),"")) | O7: =IF($B7="","",IFERROR(IFERROR(INDEX('Konstanten'!$B$6:$B$10,MATCH($I7,'Konstanten'!$A$6:$A$10,1))+($I7-INDEX('Konstanten'!$A$6:$A$10,MATCH($I7,'Konstanten'!$A$6:$A$10,1)))/(INDEX('Konstanten'!$A$6:$A$10,MATCH($I7,'Konstanten'!$A$6:$A$10,1)+1)-INDEX('Konstanten'!$A$6:$A$10,MATCH($I7,'Konstanten'!$A$6:$A$10,1)))*(INDEX('Konstanten'!$B$6:$B$10,MATCH($I7,'Konstanten'!$A$6:$A$10,1)+1)-INDEX('Konstanten'!$B$6:$B$10,MATCH($I7,'Konstanten'!$A$6:$A$10,1))),INDEX('Konstanten'!$B$6:$B$10,MATCH($I7,'Konstanten'!$A$6:$A$10,1))),"")) | P7: =IF($B7="","",IFERROR(IFERROR(INDEX('Konstanten'!$C$6:$C$10,MATCH($I7,'Konstanten'!$A$6:$A$10,1))+($I7-INDEX('Konstanten'!$A$6:$A$10,MATCH($I7,'Konstanten'!$A$6:$A$10,1)))/(INDEX('Konstanten'!$A$6:$A$10,MATCH($I7,'Konstanten'!$A$6:$A$10,1)+1)-INDEX('Konstanten'!$A$6:$A$10,MATCH($I7,'Konstanten'!$A$6:$A$10,1)))*(INDEX('Konstanten'!$C$6:$C$10,MATCH($I7,'Konstanten'!$A$6:$A$10,1)+1)-INDEX('Konstanten'!$C$6:$C$10,MATCH($I7,'Konstanten'!$A$6:$A$10,1))),INDEX('Konstanten'!$C$6:$C$10,MATCH($I7,'Konstanten'!$A$6:$A$10,1))),"")) | Q7: =IF(OR($B7="",$N7="",$O7="",$P7=""),"",'Konstanten'!$C$13*$O7*$P7^(1-($J7/1000)/0.075)*'Konstanten'!$C$14^'Konstanten'!$C$16*'Konstanten'!$C$15^'Konstanten'!$C$17*$N7) | R7: =IF(OR($B7="",$Q7=""),"",$E7+$Q7/'Grundeinstellungen'!$J$6) | S7: =IF($B7="","",IFERROR(VLOOKUP($M7,'Konstanten'!$H$6:$I$13,2,FALSE),29)) | T7: =IF(OR($B7="",$Q7=""),"",$Q7*$H7) | U7: =IF(OR($B7="",$T7=""),"",$T7-$F7) | V7: =IF(OR($B7="",$T7=""),"",IFERROR($T7/$F7,"")) | W7: =IF(OR($B7="",$H7=""),"",'Grundeinstellungen'!$J$13*$H7) | X7: =IF(OR($B7="",$T7=""),"",MIN($T7,$F7)+$W7) | Y7: =IF($B7="","",IFERROR($H7/($J7/1000),"")) | Z7: =IF($B7="","",IFERROR(2*$L7*$K7,"")) | AA7: =IF(OR($B7="",$Y7="",$Z7=""),"",$Y7+$Z7) | AB7: =IF(OR($B7="",$AA7=""),"",IFERROR($AA7/$K7,"")) | AC7: =IF(OR($B7="",$X7=""),"",IFERROR(($X7/$K7)/('Grundeinstellungen'!$C$16*('Grundeinstellungen'!$C$6-'Grundeinstellungen'!$C$7))*3600,"")) | AD7: =IF(OR($B7="",$AC7=""),"",$AC7/'Grundeinstellungen'!$C$15*1000) | AE7: =IF(OR($B7="",$AC7=""),"",IFERROR($AC7/3600/'Grundeinstellungen'!$C$15/'Grundeinstellungen'!$J$22,"")) | AF7: =IF(OR($B7="",$AE7=""),"",IFERROR($AE7*'Grundeinstellungen'!$J$21/'Grundeinstellungen'!$C$17,"")) | AG7: =IF(OR($B7="",$AF7=""),"",IF($AF7<2300,"laminar",IF($AF7<4000,"Übergangsbereich","turbulent"))) | AH7: =IF(OR($B7="",$AF7=""),"",IF($AF7<2300,64/$AF7,0.316/$AF7^0.25)) | AI7: =IF(OR($B7="",$AH7="",$AB7=""),"",IFERROR($AH7*($AB7/'Grundeinstellungen'!$J$21)*('Grundeinstellungen'!$C$15/2)*$AE7^2,"")) | AJ7: =IF(OR($B7="",$AI7="",$AB7=""),"",IFERROR($AI7/$AB7,"")) | AK7: =IF(OR($B7="",$AI7=""),"",$AI7*(1+'Grundeinstellungen'!$C$24)+'Grundeinstellungen'!$C$25)
A8: HKV EG | B8: 002 | C8: Großraumbüro | D8: 60 | E8: 20 | F8: 2400 | G8: =IF($B8="","",IFERROR($F8/$D8,"")) | H8: 55 | I8: 0.1 | J8: 150 | K8: 4 | L8: 8 | M8: AZ | N8: =IF($B8="","",IFERROR(('Grundeinstellungen'!$C$6-'Grundeinstellungen'!$C$7)/LN(('Grundeinstellungen'!$C$6-$E8)/('Grundeinstellungen'!$C$7-$E8)),"")) | O8: =IF($B8="","",IFERROR(IFERROR(INDEX('Konstanten'!$B$6:$B$10,MATCH($I8,'Konstanten'!$A$6:$A$10,1))+($I8-INDEX('Konstanten'!$A$6:$A$10,MATCH($I8,'Konstanten'!$A$6:$A$10,1)))/(INDEX('Konstanten'!$A$6:$A$10,MATCH($I8,'Konstanten'!$A$6:$A$10,1)+1)-INDEX('Konstanten'!$A$6:$A$10,MATCH($I8,'Konstanten'!$A$6:$A$10,1)))*(INDEX('Konstanten'!$B$6:$B$10,MATCH($I8,'Konstanten'!$A$6:$A$10,1)+1)-INDEX('Konstanten'!$B$6:$B$10,MATCH($I8,'Konstanten'!$A$6:$A$10,1))),INDEX('Konstanten'!$B$6:$B$10,MATCH($I8,'Konstanten'!$A$6:$A$10,1))),"")) | P8: =IF($B8="","",IFERROR(IFERROR(INDEX('Konstanten'!$C$6:$C$10,MATCH($I8,'Konstanten'!$A$6:$A$10,1))+($I8-INDEX('Konstanten'!$A$6:$A$10,MATCH($I8,'Konstanten'!$A$6:$A$10,1)))/(INDEX('Konstanten'!$A$6:$A$10,MATCH($I8,'Konstanten'!$A$6:$A$10,1)+1)-INDEX('Konstanten'!$A$6:$A$10,MATCH($I8,'Konstanten'!$A$6:$A$10,1)))*(INDEX('Konstanten'!$C$6:$C$10,MATCH($I8,'Konstanten'!$A$6:$A$10,1)+1)-INDEX('Konstanten'!$C$6:$C$10,MATCH($I8,'Konstanten'!$A$6:$A$10,1))),INDEX('Konstanten'!$C$6:$C$10,MATCH($I8,'Konstanten'!$A$6:$A$10,1))),"")) | Q8: =IF(OR($B8="",$N8="",$O8="",$P8=""),"",'Konstanten'!$C$13*$O8*$P8^(1-($J8/1000)/0.075)*'Konstanten'!$C$14^'Konstanten'!$C$16*'Konstanten'!$C$15^'Konstanten'!$C$17*$N8) | R8: =IF(OR($B8="",$Q8=""),"",$E8+$Q8/'Grundeinstellungen'!$J$6) | S8: =IF($B8="","",IFERROR(VLOOKUP($M8,'Konstanten'!$H$6:$I$13,2,FALSE),29)) | T8: =IF(OR($B8="",$Q8=""),"",$Q8*$H8) | U8: =IF(OR($B8="",$T8=""),"",$T8-$F8) | V8: =IF(OR($B8="",$T8=""),"",IFERROR($T8/$F8,"")) | W8: =IF(OR($B8="",$H8=""),"",'Grundeinstellungen'!$J$13*$H8) | X8: =IF(OR($B8="",$T8=""),"",MIN($T8,$F8)+$W8) | Y8: =IF($B8="","",IFERROR($H8/($J8/1000),"")) | Z8: =IF($B8="","",IFERROR(2*$L8*$K8,"")) | AA8: =IF(OR($B8="",$Y8="",$Z8=""),"",$Y8+$Z8) | AB8: =IF(OR($B8="",$AA8=""),"",IFERROR($AA8/$K8,"")) | AC8: =IF(OR($B8="",$X8=""),"",IFERROR(($X8/$K8)/('Grundeinstellungen'!$C$16*('Grundeinstellungen'!$C$6-'Grundeinstellungen'!$C$7))*3600,"")) | AD8: =IF(OR($B8="",$AC8=""),"",$AC8/'Grundeinstellungen'!$C$15*1000) | AE8: =IF(OR($B8="",$AC8=""),"",IFERROR($AC8/3600/'Grundeinstellungen'!$C$15/'Grundeinstellungen'!$J$22,"")) | AF8: =IF(OR($B8="",$AE8=""),"",IFERROR($AE8*'Grundeinstellungen'!$J$21/'Grundeinstellungen'!$C$17,"")) | AG8: =IF(OR($B8="",$AF8=""),"",IF($AF8<2300,"laminar",IF($AF8<4000,"Übergangsbereich","turbulent"))) | AH8: =IF(OR($B8="",$AF8=""),"",IF($AF8<2300,64/$AF8,0.316/$AF8^0.25)) | AI8: =IF(OR($B8="",$AH8="",$AB8=""),"",IFERROR($AH8*($AB8/'Grundeinstellungen'!$J$21)*('Grundeinstellungen'!$C$15/2)*$AE8^2,"")) | AJ8: =IF(OR($B8="",$AI8="",$AB8=""),"",IFERROR($AI8/$AB8,"")) | AK8: =IF(OR($B8="",$AI8=""),"",$AI8*(1+'Grundeinstellungen'!$C$24)+'Grundeinstellungen'!$C$25)
A9: HKV EG | B9: 003 | C9: Büro 1 | D9: 18 | E9: 20 | F9: 630 | G9: =IF($B9="","",IFERROR($F9/$D9,"")) | H9: 16 | I9: 0.1 | J9: 150 | K9: 1 | L9: 5 | M9: AZ | N9: =IF($B9="","",IFERROR(('Grundeinstellungen'!$C$6-'Grundeinstellungen'!$C$7)/LN(('Grundeinstellungen'!$C$6-$E9)/('Grundeinstellungen'!$C$7-$E9)),"")) | O9: =IF($B9="","",IFERROR(IFERROR(INDEX('Konstanten'!$B$6:$B$10,MATCH($I9,'Konstanten'!$A$6:$A$10,1))+($I9-INDEX('Konstanten'!$A$6:$A$10,MATCH($I9,'Konstanten'!$A$6:$A$10,1)))/(INDEX('Konstanten'!$A$6:$A$10,MATCH($I9,'Konstanten'!$A$6:$A$10,1)+1)-INDEX('Konstanten'!$A$6:$A$10,MATCH($I9,'Konstanten'!$A$6:$A$10,1)))*(INDEX('Konstanten'!$B$6:$B$10,MATCH($I9,'Konstanten'!$A$6:$A$10,1)+1)-INDEX('Konstanten'!$B$6:$B$10,MATCH($I9,'Konstanten'!$A$6:$A$10,1))),INDEX('Konstanten'!$B$6:$B$10,MATCH($I9,'Konstanten'!$A$6:$A$10,1))),"")) | P9: =IF($B9="","",IFERROR(IFERROR(INDEX('Konstanten'!$C$6:$C$10,MATCH($I9,'Konstanten'!$A$6:$A$10,1))+($I9-INDEX('Konstanten'!$A$6:$A$10,MATCH($I9,'Konstanten'!$A$6:$A$10,1)))/(INDEX('Konstanten'!$A$6:$A$10,MATCH($I9,'Konstanten'!$A$6:$A$10,1)+1)-INDEX('Konstanten'!$A$6:$A$10,MATCH($I9,'Konstanten'!$A$6:$A$10,1)))*(INDEX('Konstanten'!$C$6:$C$10,MATCH($I9,'Konstanten'!$A$6:$A$10,1)+1)-INDEX('Konstanten'!$C$6:$C$10,MATCH($I9,'Konstanten'!$A$6:$A$10,1))),INDEX('Konstanten'!$C$6:$C$10,MATCH($I9,'Konstanten'!$A$6:$A$10,1))),"")) | Q9: =IF(OR($B9="",$N9="",$O9="",$P9=""),"",'Konstanten'!$C$13*$O9*$P9^(1-($J9/1000)/0.075)*'Konstanten'!$C$14^'Konstanten'!$C$16*'Konstanten'!$C$15^'Konstanten'!$C$17*$N9) | R9: =IF(OR($B9="",$Q9=""),"",$E9+$Q9/'Grundeinstellungen'!$J$6) | S9: =IF($B9="","",IFERROR(VLOOKUP($M9,'Konstanten'!$H$6:$I$13,2,FALSE),29)) | T9: =IF(OR($B9="",$Q9=""),"",$Q9*$H9) | U9: =IF(OR($B9="",$T9=""),"",$T9-$F9) | V9: =IF(OR($B9="",$T9=""),"",IFERROR($T9/$F9,"")) | W9: =IF(OR($B9="",$H9=""),"",'Grundeinstellungen'!$J$13*$H9) | X9: =IF(OR($B9="",$T9=""),"",MIN($T9,$F9)+$W9) | Y9: =IF($B9="","",IFERROR($H9/($J9/1000),"")) | Z9: =IF($B9="","",IFERROR(2*$L9*$K9,"")) | AA9: =IF(OR($B9="",$Y9="",$Z9=""),"",$Y9+$Z9) | AB9: =IF(OR($B9="",$AA9=""),"",IFERROR($AA9/$K9,"")) | AC9: =IF(OR($B9="",$X9=""),"",IFERROR(($X9/$K9)/('Grundeinstellungen'!$C$16*('Grundeinstellungen'!$C$6-'Grundeinstellungen'!$C$7))*3600,"")) | AD9: =IF(OR($B9="",$AC9=""),"",$AC9/'Grundeinstellungen'!$C$15*1000) | AE9: =IF(OR($B9="",$AC9=""),"",IFERROR($AC9/3600/'Grundeinstellungen'!$C$15/'Grundeinstellungen'!$J$22,"")) | AF9: =IF(OR($B9="",$AE9=""),"",IFERROR($AE9*'Grundeinstellungen'!$J$21/'Grundeinstellungen'!$C$17,"")) | AG9: =IF(OR($B9="",$AF9=""),"",IF($AF9<2300,"laminar",IF($AF9<4000,"Übergangsbereich","turbulent"))) | AH9: =IF(OR($B9="",$AF9=""),"",IF($AF9<2300,64/$AF9,0.316/$AF9^0.25)) | AI9: =IF(OR($B9="",$AH9="",$AB9=""),"",IFERROR($AH9*($AB9/'Grundeinstellungen'!$J$21)*('Grundeinstellungen'!$C$15/2)*$AE9^2,"")) | AJ9: =IF(OR($B9="",$AI9="",$AB9=""),"",IFERROR($AI9/$AB9,"")) | AK9: =IF(OR($B9="",$AI9=""),"",$AI9*(1+'Grundeinstellungen'!$C$24)+'Grundeinstellungen'!$C$25)
A10: HKV EG | B10: 004 | C10: Besprechung | D10: 30 | E10: 20 | F10: 1500 | G10: =IF($B10="","",IFERROR($F10/$D10,"")) | H10: 28 | I10: 0.075 | J10: 100 | K10: 2 | L10: 7 | M10: AZ | N10: =IF($B10="","",IFERROR(('Grundeinstellungen'!$C$6-'Grundeinstellungen'!$C$7)/LN(('Grundeinstellungen'!$C$6-$E10)/('Grundeinstellungen'!$C$7-$E10)),"")) | O10: =IF($B10="","",IFERROR(IFERROR(INDEX('Konstanten'!$B$6:$B$10,MATCH($I10,'Konstanten'!$A$6:$A$10,1))+($I10-INDEX('Konstanten'!$A$6:$A$10,MATCH($I10,'Konstanten'!$A$6:$A$10,1)))/(INDEX('Konstanten'!$A$6:$A$10,MATCH($I10,'Konstanten'!$A$6:$A$10,1)+1)-INDEX('Konstanten'!$A$6:$A$10,MATCH($I10,'Konstanten'!$A$6:$A$10,1)))*(INDEX('Konstanten'!$B$6:$B$10,MATCH($I10,'Konstanten'!$A$6:$A$10,1)+1)-INDEX('Konstanten'!$B$6:$B$10,MATCH($I10,'Konstanten'!$A$6:$A$10,1))),INDEX('Konstanten'!$B$6:$B$10,MATCH($I10,'Konstanten'!$A$6:$A$10,1))),"")) | P10: =IF($B10="","",IFERROR(IFERROR(INDEX('Konstanten'!$C$6:$C$10,MATCH($I10,'Konstanten'!$A$6:$A$10,1))+($I10-INDEX('Konstanten'!$A$6:$A$10,MATCH($I10,'Konstanten'!$A$6:$A$10,1)))/(INDEX('Konstanten'!$A$6:$A$10,MATCH($I10,'Konstanten'!$A$6:$A$10,1)+1)-INDEX('Konstanten'!$A$6:$A$10,MATCH($I10,'Konstanten'!$A$6:$A$10,1)))*(INDEX('Konstanten'!$C$6:$C$10,MATCH($I10,'Konstanten'!$A$6:$A$10,1)+1)-INDEX('Konstanten'!$C$6:$C$10,MATCH($I10,'Konstanten'!$A$6:$A$10,1))),INDEX('Konstanten'!$C$6:$C$10,MATCH($I10,'Konstanten'!$A$6:$A$10,1))),"")) | Q10: =IF(OR($B10="",$N10="",$O10="",$P10=""),"",'Konstanten'!$C$13*$O10*$P10^(1-($J10/1000)/0.075)*'Konstanten'!$C$14^'Konstanten'!$C$16*'Konstanten'!$C$15^'Konstanten'!$C$17*$N10) | R10: =IF(OR($B10="",$Q10=""),"",$E10+$Q10/'Grundeinstellungen'!$J$6) | S10: =IF($B10="","",IFERROR(VLOOKUP($M10,'Konstanten'!$H$6:$I$13,2,FALSE),29)) | T10: =IF(OR($B10="",$Q10=""),"",$Q10*$H10) | U10: =IF(OR($B10="",$T10=""),"",$T10-$F10) | V10: =IF(OR($B10="",$T10=""),"",IFERROR($T10/$F10,"")) | W10: =IF(OR($B10="",$H10=""),"",'Grundeinstellungen'!$J$13*$H10) | X10: =IF(OR($B10="",$T10=""),"",MIN($T10,$F10)+$W10) | Y10: =IF($B10="","",IFERROR($H10/($J10/1000),"")) | Z10: =IF($B10="","",IFERROR(2*$L10*$K10,"")) | AA10: =IF(OR($B10="",$Y10="",$Z10=""),"",$Y10+$Z10) | AB10: =IF(OR($B10="",$AA10=""),"",IFERROR($AA10/$K10,"")) | AC10: =IF(OR($B10="",$X10=""),"",IFERROR(($X10/$K10)/('Grundeinstellungen'!$C$16*('Grundeinstellungen'!$C$6-'Grundeinstellungen'!$C$7))*3600,"")) | AD10: =IF(OR($B10="",$AC10=""),"",$AC10/'Grundeinstellungen'!$C$15*1000) | AE10: =IF(OR($B10="",$AC10=""),"",IFERROR($AC10/3600/'Grundeinstellungen'!$C$15/'Grundeinstellungen'!$J$22,"")) | AF10: =IF(OR($B10="",$AE10=""),"",IFERROR($AE10*'Grundeinstellungen'!$J$21/'Grundeinstellungen'!$C$17,"")) | AG10: =IF(OR($B10="",$AF10=""),"",IF($AF10<2300,"laminar",IF($AF10<4000,"Übergangsbereich","turbulent"))) | AH10: =IF(OR($B10="",$AF10=""),"",IF($AF10<2300,64/$AF10,0.316/$AF10^0.25)) | AI10: =IF(OR($B10="",$AH10="",$AB10=""),"",IFERROR($AH10*($AB10/'Grundeinstellungen'!$J$21)*('Grundeinstellungen'!$C$15/2)*$AE10^2,"")) | AJ10: =IF(OR($B10="",$AI10="",$AB10=""),"",IFERROR($AI10/$AB10,"")) | AK10: =IF(OR($B10="",$AI10=""),"",$AI10*(1+'Grundeinstellungen'!$C$24)+'Grundeinstellungen'!$C$25)
A11: HKV EG | B11: 005 | C11: Flur | D11: 25 | E11: 20 | F11: 750 | G11: =IF($B11="","",IFERROR($F11/$D11,"")) | H11: 22 | I11: 0.05 | J11: 200 | K11: 1 | L11: 3 | M11: AZ | N11: =IF($B11="","",IFERROR(('Grundeinstellungen'!$C$6-'Grundeinstellungen'!$C$7)/LN(('Grundeinstellungen'!$C$6-$E11)/('Grundeinstellungen'!$C$7-$E11)),"")) | O11: =IF($B11="","",IFERROR(IFERROR(INDEX('Konstanten'!$B$6:$B$10,MATCH($I11,'Konstanten'!$A$6:$A$10,1))+($I11-INDEX('Konstanten'!$A$6:$A$10,MATCH($I11,'Konstanten'!$A$6:$A$10,1)))/(INDEX('Konstanten'!$A$6:$A$10,MATCH($I11,'Konstanten'!$A$6:$A$10,1)+1)-INDEX('Konstanten'!$A$6:$A$10,MATCH($I11,'Konstanten'!$A$6:$A$10,1)))*(INDEX('Konstanten'!$B$6:$B$10,MATCH($I11,'Konstanten'!$A$6:$A$10,1)+1)-INDEX('Konstanten'!$B$6:$B$10,MATCH($I11,'Konstanten'!$A$6:$A$10,1))),INDEX('Konstanten'!$B$6:$B$10,MATCH($I11,'Konstanten'!$A$6:$A$10,1))),"")) | P11: =IF($B11="","",IFERROR(IFERROR(INDEX('Konstanten'!$C$6:$C$10,MATCH($I11,'Konstanten'!$A$6:$A$10,1))+($I11-INDEX('Konstanten'!$A$6:$A$10,MATCH($I11,'Konstanten'!$A$6:$A$10,1)))/(INDEX('Konstanten'!$A$6:$A$10,MATCH($I11,'Konstanten'!$A$6:$A$10,1)+1)-INDEX('Konstanten'!$A$6:$A$10,MATCH($I11,'Konstanten'!$A$6:$A$10,1)))*(INDEX('Konstanten'!$C$6:$C$10,MATCH($I11,'Konstanten'!$A$6:$A$10,1)+1)-INDEX('Konstanten'!$C$6:$C$10,MATCH($I11,'Konstanten'!$A$6:$A$10,1))),INDEX('Konstanten'!$C$6:$C$10,MATCH($I11,'Konstanten'!$A$6:$A$10,1))),"")) | Q11: =IF(OR($B11="",$N11="",$O11="",$P11=""),"",'Konstanten'!$C$13*$O11*$P11^(1-($J11/1000)/0.075)*'Konstanten'!$C$14^'Konstanten'!$C$16*'Konstanten'!$C$15^'Konstanten'!$C$17*$N11) | R11: =IF(OR($B11="",$Q11=""),"",$E11+$Q11/'Grundeinstellungen'!$J$6) | S11: =IF($B11="","",IFERROR(VLOOKUP($M11,'Konstanten'!$H$6:$I$13,2,FALSE),29)) | T11: =IF(OR($B11="",$Q11=""),"",$Q11*$H11) | U11: =IF(OR($B11="",$T11=""),"",$T11-$F11) | V11: =IF(OR($B11="",$T11=""),"",IFERROR($T11/$F11,"")) | W11: =IF(OR($B11="",$H11=""),"",'Grundeinstellungen'!$J$13*$H11) | X11: =IF(OR($B11="",$T11=""),"",MIN($T11,$F11)+$W11) | Y11: =IF($B11="","",IFERROR($H11/($J11/1000),"")) | Z11: =IF($B11="","",IFERROR(2*$L11*$K11,"")) | AA11: =IF(OR($B11="",$Y11="",$Z11=""),"",$Y11+$Z11) | AB11: =IF(OR($B11="",$AA11=""),"",IFERROR($AA11/$K11,"")) | AC11: =IF(OR($B11="",$X11=""),"",IFERROR(($X11/$K11)/('Grundeinstellungen'!$C$16*('Grundeinstellungen'!$C$6-'Grundeinstellungen'!$C$7))*3600,"")) | AD11: =IF(OR($B11="",$AC11=""),"",$AC11/'Grundeinstellungen'!$C$15*1000) | AE11: =IF(OR($B11="",$AC11=""),"",IFERROR($AC11/3600/'Grundeinstellungen'!$C$15/'Grundeinstellungen'!$J$22,"")) | AF11: =IF(OR($B11="",$AE11=""),"",IFERROR($AE11*'Grundeinstellungen'!$J$21/'Grundeinstellungen'!$C$17,"")) | AG11: =IF(OR($B11="",$AF11=""),"",IF($AF11<2300,"laminar",IF($AF11<4000,"Übergangsbereich","turbulent"))) | AH11: =IF(OR($B11="",$AF11=""),"",IF($AF11<2300,64/$AF11,0.316/$AF11^0.25)) | AI11: =IF(OR($B11="",$AH11="",$AB11=""),"",IFERROR($AH11*($AB11/'Grundeinstellungen'!$J$21)*('Grundeinstellungen'!$C$15/2)*$AE11^2,"")) | AJ11: =IF(OR($B11="",$AI11="",$AB11=""),"",IFERROR($AI11/$AB11,"")) | AK11: =IF(OR($B11="",$AI11=""),"",$AI11*(1+'Grundeinstellungen'!$C$24)+'Grundeinstellungen'!$C$25)
A12: HKV OG | B12: 101 | C12: WC / Sanitär | D12: 12 | E12: 24 | F12: 600 | G12: =IF($B12="","",IFERROR($F12/$D12,"")) | H12: 9 | I12: 0.01 | J12: 100 | K12: 1 | L12: 10 | M12: BAD | N12: =IF($B12="","",IFERROR(('Grundeinstellungen'!$C$6-'Grundeinstellungen'!$C$7)/LN(('Grundeinstellungen'!$C$6-$E12)/('Grundeinstellungen'!$C$7-$E12)),"")) | O12: =IF($B12="","",IFERROR(IFERROR(INDEX('Konstanten'!$B$6:$B$10,MATCH($I12,'Konstanten'!$A$6:$A$10,1))+($I12-INDEX('Konstanten'!$A$6:$A$10,MATCH($I12,'Konstanten'!$A$6:$A$10,1)))/(INDEX('Konstanten'!$A$6:$A$10,MATCH($I12,'Konstanten'!$A$6:$A$10,1)+1)-INDEX('Konstanten'!$A$6:$A$10,MATCH($I12,'Konstanten'!$A$6:$A$10,1)))*(INDEX('Konstanten'!$B$6:$B$10,MATCH($I12,'Konstanten'!$A$6:$A$10,1)+1)-INDEX('Konstanten'!$B$6:$B$10,MATCH($I12,'Konstanten'!$A$6:$A$10,1))),INDEX('Konstanten'!$B$6:$B$10,MATCH($I12,'Konstanten'!$A$6:$A$10,1))),"")) | P12: =IF($B12="","",IFERROR(IFERROR(INDEX('Konstanten'!$C$6:$C$10,MATCH($I12,'Konstanten'!$A$6:$A$10,1))+($I12-INDEX('Konstanten'!$A$6:$A$10,MATCH($I12,'Konstanten'!$A$6:$A$10,1)))/(INDEX('Konstanten'!$A$6:$A$10,MATCH($I12,'Konstanten'!$A$6:$A$10,1)+1)-INDEX('Konstanten'!$A$6:$A$10,MATCH($I12,'Konstanten'!$A$6:$A$10,1)))*(INDEX('Konstanten'!$C$6:$C$10,MATCH($I12,'Konstanten'!$A$6:$A$10,1)+1)-INDEX('Konstanten'!$C$6:$C$10,MATCH($I12,'Konstanten'!$A$6:$A$10,1))),INDEX('Konstanten'!$C$6:$C$10,MATCH($I12,'Konstanten'!$A$6:$A$10,1))),"")) | Q12: =IF(OR($B12="",$N12="",$O12="",$P12=""),"",'Konstanten'!$C$13*$O12*$P12^(1-($J12/1000)/0.075)*'Konstanten'!$C$14^'Konstanten'!$C$16*'Konstanten'!$C$15^'Konstanten'!$C$17*$N12) | R12: =IF(OR($B12="",$Q12=""),"",$E12+$Q12/'Grundeinstellungen'!$J$6) | S12: =IF($B12="","",IFERROR(VLOOKUP($M12,'Konstanten'!$H$6:$I$13,2,FALSE),29)) | T12: =IF(OR($B12="",$Q12=""),"",$Q12*$H12) | U12: =IF(OR($B12="",$T12=""),"",$T12-$F12) | V12: =IF(OR($B12="",$T12=""),"",IFERROR($T12/$F12,"")) | W12: =IF(OR($B12="",$H12=""),"",'Grundeinstellungen'!$J$13*$H12) | X12: =IF(OR($B12="",$T12=""),"",MIN($T12,$F12)+$W12) | Y12: =IF($B12="","",IFERROR($H12/($J12/1000),"")) | Z12: =IF($B12="","",IFERROR(2*$L12*$K12,"")) | AA12: =IF(OR($B12="",$Y12="",$Z12=""),"",$Y12+$Z12) | AB12: =IF(OR($B12="",$AA12=""),"",IFERROR($AA12/$K12,"")) | AC12: =IF(OR($B12="",$X12=""),"",IFERROR(($X12/$K12)/('Grundeinstellungen'!$C$16*('Grundeinstellungen'!$C$6-'Grundeinstellungen'!$C$7))*3600,"")) | AD12: =IF(OR($B12="",$AC12=""),"",$AC12/'Grundeinstellungen'!$C$15*1000) | AE12: =IF(OR($B12="",$AC12=""),"",IFERROR($AC12/3600/'Grundeinstellungen'!$C$15/'Grundeinstellungen'!$J$22,"")) | AF12: =IF(OR($B12="",$AE12=""),"",IFERROR($AE12*'Grundeinstellungen'!$J$21/'Grundeinstellungen'!$C$17,"")) | AG12: =IF(OR($B12="",$AF12=""),"",IF($AF12<2300,"laminar",IF($AF12<4000,"Übergangsbereich","turbulent"))) | AH12: =IF(OR($B12="",$AF12=""),"",IF($AF12<2300,64/$AF12,0.316/$AF12^0.25)) | AI12: =IF(OR($B12="",$AH12="",$AB12=""),"",IFERROR($AH12*($AB12/'Grundeinstellungen'!$J$21)*('Grundeinstellungen'!$C$15/2)*$AE12^2,"")) | AJ12: =IF(OR($B12="",$AI12="",$AB12=""),"",IFERROR($AI12/$AB12,"")) | AK12: =IF(OR($B12="",$AI12=""),"",$AI12*(1+'Grundeinstellungen'!$C$24)+'Grundeinstellungen'!$C$25)
A13: HKV OG | B13: 102 | C13: Teeküche | D13: 10 | E13: 20 | F13: 450 | G13: =IF($B13="","",IFERROR($F13/$D13,"")) | H13: 8 | I13: 0.01 | J13: 100 | K13: 1 | L13: 9 | M13: AZ | N13: =IF($B13="","",IFERROR(('Grundeinstellungen'!$C$6-'Grundeinstellungen'!$C$7)/LN(('Grundeinstellungen'!$C$6-$E13)/('Grundeinstellungen'!$C$7-$E13)),"")) | O13: =IF($B13="","",IFERROR(IFERROR(INDEX('Konstanten'!$B$6:$B$10,MATCH($I13,'Konstanten'!$A$6:$A$10,1))+($I13-INDEX('Konstanten'!$A$6:$A$10,MATCH($I13,'Konstanten'!$A$6:$A$10,1)))/(INDEX('Konstanten'!$A$6:$A$10,MATCH($I13,'Konstanten'!$A$6:$A$10,1)+1)-INDEX('Konstanten'!$A$6:$A$10,MATCH($I13,'Konstanten'!$A$6:$A$10,1)))*(INDEX('Konstanten'!$B$6:$B$10,MATCH($I13,'Konstanten'!$A$6:$A$10,1)+1)-INDEX('Konstanten'!$B$6:$B$10,MATCH($I13,'Konstanten'!$A$6:$A$10,1))),INDEX('Konstanten'!$B$6:$B$10,MATCH($I13,'Konstanten'!$A$6:$A$10,1))),"")) | P13: =IF($B13="","",IFERROR(IFERROR(INDEX('Konstanten'!$C$6:$C$10,MATCH($I13,'Konstanten'!$A$6:$A$10,1))+($I13-INDEX('Konstanten'!$A$6:$A$10,MATCH($I13,'Konstanten'!$A$6:$A$10,1)))/(INDEX('Konstanten'!$A$6:$A$10,MATCH($I13,'Konstanten'!$A$6:$A$10,1)+1)-INDEX('Konstanten'!$A$6:$A$10,MATCH($I13,'Konstanten'!$A$6:$A$10,1)))*(INDEX('Konstanten'!$C$6:$C$10,MATCH($I13,'Konstanten'!$A$6:$A$10,1)+1)-INDEX('Konstanten'!$C$6:$C$10,MATCH($I13,'Konstanten'!$A$6:$A$10,1))),INDEX('Konstanten'!$C$6:$C$10,MATCH($I13,'Konstanten'!$A$6:$A$10,1))),"")) | Q13: =IF(OR($B13="",$N13="",$O13="",$P13=""),"",'Konstanten'!$C$13*$O13*$P13^(1-($J13/1000)/0.075)*'Konstanten'!$C$14^'Konstanten'!$C$16*'Konstanten'!$C$15^'Konstanten'!$C$17*$N13) | R13: =IF(OR($B13="",$Q13=""),"",$E13+$Q13/'Grundeinstellungen'!$J$6) | S13: =IF($B13="","",IFERROR(VLOOKUP($M13,'Konstanten'!$H$6:$I$13,2,FALSE),29)) | T13: =IF(OR($B13="",$Q13=""),"",$Q13*$H13) | U13: =IF(OR($B13="",$T13=""),"",$T13-$F13) | V13: =IF(OR($B13="",$T13=""),"",IFERROR($T13/$F13,"")) | W13: =IF(OR($B13="",$H13=""),"",'Grundeinstellungen'!$J$13*$H13) | X13: =IF(OR($B13="",$T13=""),"",MIN($T13,$F13)+$W13) | Y13: =IF($B13="","",IFERROR($H13/($J13/1000),"")) | Z13: =IF($B13="","",IFERROR(2*$L13*$K13,"")) | AA13: =IF(OR($B13="",$Y13="",$Z13=""),"",$Y13+$Z13) | AB13: =IF(OR($B13="",$AA13=""),"",IFERROR($AA13/$K13,"")) | AC13: =IF(OR($B13="",$X13=""),"",IFERROR(($X13/$K13)/('Grundeinstellungen'!$C$16*('Grundeinstellungen'!$C$6-'Grundeinstellungen'!$C$7))*3600,"")) | AD13: =IF(OR($B13="",$AC13=""),"",$AC13/'Grundeinstellungen'!$C$15*1000) | AE13: =IF(OR($B13="",$AC13=""),"",IFERROR($AC13/3600/'Grundeinstellungen'!$C$15/'Grundeinstellungen'!$J$22,"")) | AF13: =IF(OR($B13="",$AE13=""),"",IFERROR($AE13*'Grundeinstellungen'!$J$21/'Grundeinstellungen'!$C$17,"")) | AG13: =IF(OR($B13="",$AF13=""),"",IF($AF13<2300,"laminar",IF($AF13<4000,"Übergangsbereich","turbulent"))) | AH13: =IF(OR($B13="",$AF13=""),"",IF($AF13<2300,64/$AF13,0.316/$AF13^0.25)) | AI13: =IF(OR($B13="",$AH13="",$AB13=""),"",IFERROR($AH13*($AB13/'Grundeinstellungen'!$J$21)*('Grundeinstellungen'!$C$15/2)*$AE13^2,"")) | AJ13: =IF(OR($B13="",$AI13="",$AB13=""),"",IFERROR($AI13/$AB13,"")) | AK13: =IF(OR($B13="",$AI13=""),"",$AI13*(1+'Grundeinstellungen'!$C$24)+'Grundeinstellungen'!$C$25)
A14: HKV OG | B14: 103 | C14: Archiv | D14: 20 | E14: 18 | F14: 500 | G14: =IF($B14="","",IFERROR($F14/$D14,"")) | H14: 18 | I14: 0.05 | J14: 200 | K14: 1 | L14: 12 | M14: AZ | N14: =IF($B14="","",IFERROR(('Grundeinstellungen'!$C$6-'Grundeinstellungen'!$C$7)/LN(('Grundeinstellungen'!$C$6-$E14)/('Grundeinstellungen'!$C$7-$E14)),"")) | O14: =IF($B14="","",IFERROR(IFERROR(INDEX('Konstanten'!$B$6:$B$10,MATCH($I14,'Konstanten'!$A$6:$A$10,1))+($I14-INDEX('Konstanten'!$A$6:$A$10,MATCH($I14,'Konstanten'!$A$6:$A$10,1)))/(INDEX('Konstanten'!$A$6:$A$10,MATCH($I14,'Konstanten'!$A$6:$A$10,1)+1)-INDEX('Konstanten'!$A$6:$A$10,MATCH($I14,'Konstanten'!$A$6:$A$10,1)))*(INDEX('Konstanten'!$B$6:$B$10,MATCH($I14,'Konstanten'!$A$6:$A$10,1)+1)-INDEX('Konstanten'!$B$6:$B$10,MATCH($I14,'Konstanten'!$A$6:$A$10,1))),INDEX('Konstanten'!$B$6:$B$10,MATCH($I14,'Konstanten'!$A$6:$A$10,1))),"")) | P14: =IF($B14="","",IFERROR(IFERROR(INDEX('Konstanten'!$C$6:$C$10,MATCH($I14,'Konstanten'!$A$6:$A$10,1))+($I14-INDEX('Konstanten'!$A$6:$A$10,MATCH($I14,'Konstanten'!$A$6:$A$10,1)))/(INDEX('Konstanten'!$A$6:$A$10,MATCH($I14,'Konstanten'!$A$6:$A$10,1)+1)-INDEX('Konstanten'!$A$6:$A$10,MATCH($I14,'Konstanten'!$A$6:$A$10,1)))*(INDEX('Konstanten'!$C$6:$C$10,MATCH($I14,'Konstanten'!$A$6:$A$10,1)+1)-INDEX('Konstanten'!$C$6:$C$10,MATCH($I14,'Konstanten'!$A$6:$A$10,1))),INDEX('Konstanten'!$C$6:$C$10,MATCH($I14,'Konstanten'!$A$6:$A$10,1))),"")) | Q14: =IF(OR($B14="",$N14="",$O14="",$P14=""),"",'Konstanten'!$C$13*$O14*$P14^(1-($J14/1000)/0.075)*'Konstanten'!$C$14^'Konstanten'!$C$16*'Konstanten'!$C$15^'Konstanten'!$C$17*$N14) | R14: =IF(OR($B14="",$Q14=""),"",$E14+$Q14/'Grundeinstellungen'!$J$6) | S14: =IF($B14="","",IFERROR(VLOOKUP($M14,'Konstanten'!$H$6:$I$13,2,FALSE),29)) | T14: =IF(OR($B14="",$Q14=""),"",$Q14*$H14) | U14: =IF(OR($B14="",$T14=""),"",$T14-$F14) | V14: =IF(OR($B14="",$T14=""),"",IFERROR($T14/$F14,"")) | W14: =IF(OR($B14="",$H14=""),"",'Grundeinstellungen'!$J$13*$H14) | X14: =IF(OR($B14="",$T14=""),"",MIN($T14,$F14)+$W14) | Y14: =IF($B14="","",IFERROR($H14/($J14/1000),"")) | Z14: =IF($B14="","",IFERROR(2*$L14*$K14,"")) | AA14: =IF(OR($B14="",$Y14="",$Z14=""),"",$Y14+$Z14) | AB14: =IF(OR($B14="",$AA14=""),"",IFERROR($AA14/$K14,"")) | AC14: =IF(OR($B14="",$X14=""),"",IFERROR(($X14/$K14)/('Grundeinstellungen'!$C$16*('Grundeinstellungen'!$C$6-'Grundeinstellungen'!$C$7))*3600,"")) | AD14: =IF(OR($B14="",$AC14=""),"",$AC14/'Grundeinstellungen'!$C$15*1000) | AE14: =IF(OR($B14="",$AC14=""),"",IFERROR($AC14/3600/'Grundeinstellungen'!$C$15/'Grundeinstellungen'!$J$22,"")) | AF14: =IF(OR($B14="",$AE14=""),"",IFERROR($AE14*'Grundeinstellungen'!$J$21/'Grundeinstellungen'!$C$17,"")) | AG14: =IF(OR($B14="",$AF14=""),"",IF($AF14<2300,"laminar",IF($AF14<4000,"Übergangsbereich","turbulent"))) | AH14: =IF(OR($B14="",$AF14=""),"",IF($AF14<2300,64/$AF14,0.316/$AF14^0.25)) | AI14: =IF(OR($B14="",$AH14="",$AB14=""),"",IFERROR($AH14*($AB14/'Grundeinstellungen'!$J$21)*('Grundeinstellungen'!$C$15/2)*$AE14^2,"")) | AJ14: =IF(OR($B14="",$AI14="",$AB14=""),"",IFERROR($AI14/$AB14,"")) | AK14: =IF(OR($B14="",$AI14=""),"",$AI14*(1+'Grundeinstellungen'!$C$24)+'Grundeinstellungen'!$C$25)
A15: HKV OG | B15: 104 | C15: Technikraum | D15: 15 | E15: 15 | F15: 300 | G15: =IF($B15="","",IFERROR($F15/$D15,"")) | H15: 12 | I15: 0 | J15: 250 | K15: 1 | L15: 14 | M15: AZ | N15: =IF($B15="","",IFERROR(('Grundeinstellungen'!$C$6-'Grundeinstellungen'!$C$7)/LN(('Grundeinstellungen'!$C$6-$E15)/('Grundeinstellungen'!$C$7-$E15)),"")) | O15: =IF($B15="","",IFERROR(IFERROR(INDEX('Konstanten'!$B$6:$B$10,MATCH($I15,'Konstanten'!$A$6:$A$10,1))+($I15-INDEX('Konstanten'!$A$6:$A$10,MATCH($I15,'Konstanten'!$A$6:$A$10,1)))/(INDEX('Konstanten'!$A$6:$A$10,MATCH($I15,'Konstanten'!$A$6:$A$10,1)+1)-INDEX('Konstanten'!$A$6:$A$10,MATCH($I15,'Konstanten'!$A$6:$A$10,1)))*(INDEX('Konstanten'!$B$6:$B$10,MATCH($I15,'Konstanten'!$A$6:$A$10,1)+1)-INDEX('Konstanten'!$B$6:$B$10,MATCH($I15,'Konstanten'!$A$6:$A$10,1))),INDEX('Konstanten'!$B$6:$B$10,MATCH($I15,'Konstanten'!$A$6:$A$10,1))),"")) | P15: =IF($B15="","",IFERROR(IFERROR(INDEX('Konstanten'!$C$6:$C$10,MATCH($I15,'Konstanten'!$A$6:$A$10,1))+($I15-INDEX('Konstanten'!$A$6:$A$10,MATCH($I15,'Konstanten'!$A$6:$A$10,1)))/(INDEX('Konstanten'!$A$6:$A$10,MATCH($I15,'Konstanten'!$A$6:$A$10,1)+1)-INDEX('Konstanten'!$A$6:$A$10,MATCH($I15,'Konstanten'!$A$6:$A$10,1)))*(INDEX('Konstanten'!$C$6:$C$10,MATCH($I15,'Konstanten'!$A$6:$A$10,1)+1)-INDEX('Konstanten'!$C$6:$C$10,MATCH($I15,'Konstanten'!$A$6:$A$10,1))),INDEX('Konstanten'!$C$6:$C$10,MATCH($I15,'Konstanten'!$A$6:$A$10,1))),"")) | Q15: =IF(OR($B15="",$N15="",$O15="",$P15=""),"",'Konstanten'!$C$13*$O15*$P15^(1-($J15/1000)/0.075)*'Konstanten'!$C$14^'Konstanten'!$C$16*'Konstanten'!$C$15^'Konstanten'!$C$17*$N15) | R15: =IF(OR($B15="",$Q15=""),"",$E15+$Q15/'Grundeinstellungen'!$J$6) | S15: =IF($B15="","",IFERROR(VLOOKUP($M15,'Konstanten'!$H$6:$I$13,2,FALSE),29)) | T15: =IF(OR($B15="",$Q15=""),"",$Q15*$H15) | U15: =IF(OR($B15="",$T15=""),"",$T15-$F15) | V15: =IF(OR($B15="",$T15=""),"",IFERROR($T15/$F15,"")) | W15: =IF(OR($B15="",$H15=""),"",'Grundeinstellungen'!$J$13*$H15) | X15: =IF(OR($B15="",$T15=""),"",MIN($T15,$F15)+$W15) | Y15: =IF($B15="","",IFERROR($H15/($J15/1000),"")) | Z15: =IF($B15="","",IFERROR(2*$L15*$K15,"")) | AA15: =IF(OR($B15="",$Y15="",$Z15=""),"",$Y15+$Z15) | AB15: =IF(OR($B15="",$AA15=""),"",IFERROR($AA15/$K15,"")) | AC15: =IF(OR($B15="",$X15=""),"",IFERROR(($X15/$K15)/('Grundeinstellungen'!$C$16*('Grundeinstellungen'!$C$6-'Grundeinstellungen'!$C$7))*3600,"")) | AD15: =IF(OR($B15="",$AC15=""),"",$AC15/'Grundeinstellungen'!$C$15*1000) | AE15: =IF(OR($B15="",$AC15=""),"",IFERROR($AC15/3600/'Grundeinstellungen'!$C$15/'Grundeinstellungen'!$J$22,"")) | AF15: =IF(OR($B15="",$AE15=""),"",IFERROR($AE15*'Grundeinstellungen'!$J$21/'Grundeinstellungen'!$C$17,"")) | AG15: =IF(OR($B15="",$AF15=""),"",IF($AF15<2300,"laminar",IF($AF15<4000,"Übergangsbereich","turbulent"))) | AH15: =IF(OR($B15="",$AF15=""),"",IF($AF15<2300,64/$AF15,0.316/$AF15^0.25)) | AI15: =IF(OR($B15="",$AH15="",$AB15=""),"",IFERROR($AH15*($AB15/'Grundeinstellungen'!$J$21)*('Grundeinstellungen'!$C$15/2)*$AE15^2,"")) | AJ15: =IF(OR($B15="",$AI15="",$AB15=""),"",IFERROR($AI15/$AB15,"")) | AK15: =IF(OR($B15="",$AI15=""),"",$AI15*(1+'Grundeinstellungen'!$C$24)+'Grundeinstellungen'!$C$25)
G16: =IF($B16="","",IFERROR($F16/$D16,"")) | N16: =IF($B16="","",IFERROR(('Grundeinstellungen'!$C$6-'Grundeinstellungen'!$C$7)/LN(('Grundeinstellungen'!$C$6-$E16)/('Grundeinstellungen'!$C$7-$E16)),"")) | O16: =IF($B16="","",IFERROR(IFERROR(INDEX('Konstanten'!$B$6:$B$10,MATCH($I16,'Konstanten'!$A$6:$A$10,1))+($I16-INDEX('Konstanten'!$A$6:$A$10,MATCH($I16,'Konstanten'!$A$6:$A$10,1)))/(INDEX('Konstanten'!$A$6:$A$10,MATCH($I16,'Konstanten'!$A$6:$A$10,1)+1)-INDEX('Konstanten'!$A$6:$A$10,MATCH($I16,'Konstanten'!$A$6:$A$10,1)))*(INDEX('Konstanten'!$B$6:$B$10,MATCH($I16,'Konstanten'!$A$6:$A$10,1)+1)-INDEX('Konstanten'!$B$6:$B$10,MATCH($I16,'Konstanten'!$A$6:$A$10,1))),INDEX('Konstanten'!$B$6:$B$10,MATCH($I16,'Konstanten'!$A$6:$A$10,1))),"")) | P16: =IF($B16="","",IFERROR(IFERROR(INDEX('Konstanten'!$C$6:$C$10,MATCH($I16,'Konstanten'!$A$6:$A$10,1))+($I16-INDEX('Konstanten'!$A$6:$A$10,MATCH($I16,'Konstanten'!$A$6:$A$10,1)))/(INDEX('Konstanten'!$A$6:$A$10,MATCH($I16,'Konstanten'!$A$6:$A$10,1)+1)-INDEX('Konstanten'!$A$6:$A$10,MATCH($I16,'Konstanten'!$A$6:$A$10,1)))*(INDEX('Konstanten'!$C$6:$C$10,MATCH($I16,'Konstanten'!$A$6:$A$10,1)+1)-INDEX('Konstanten'!$C$6:$C$10,MATCH($I16,'Konstanten'!$A$6:$A$10,1))),INDEX('Konstanten'!$C$6:$C$10,MATCH($I16,'Konstanten'!$A$6:$A$10,1))),"")) | Q16: =IF(OR($B16="",$N16="",$O16="",$P16=""),"",'Konstanten'!$C$13*$O16*$P16^(1-($J16/1000)/0.075)*'Konstanten'!$C$14^'Konstanten'!$C$16*'Konstanten'!$C$15^'Konstanten'!$C$17*$N16) | R16: =IF(OR($B16="",$Q16=""),"",$E16+$Q16/'Grundeinstellungen'!$J$6) | S16: =IF($B16="","",IFERROR(VLOOKUP($M16,'Konstanten'!$H$6:$I$13,2,FALSE),29)) | T16: =IF(OR($B16="",$Q16=""),"",$Q16*$H16) | U16: =IF(OR($B16="",$T16=""),"",$T16-$F16) | V16: =IF(OR($B16="",$T16=""),"",IFERROR($T16/$F16,"")) | W16: =IF(OR($B16="",$H16=""),"",'Grundeinstellungen'!$J$13*$H16) | X16: =IF(OR($B16="",$T16=""),"",MIN($T16,$F16)+$W16) | Y16: =IF($B16="","",IFERROR($H16/($J16/1000),"")) | Z16: =IF($B16="","",IFERROR(2*$L16*$K16,"")) | AA16: =IF(OR($B16="",$Y16="",$Z16=""),"",$Y16+$Z16) | AB16: =IF(OR($B16="",$AA16=""),"",IFERROR($AA16/$K16,"")) | AC16: =IF(OR($B16="",$X16=""),"",IFERROR(($X16/$K16)/('Grundeinstellungen'!$C$16*('Grundeinstellungen'!$C$6-'Grundeinstellungen'!$C$7))*3600,"")) | AD16: =IF(OR($B16="",$AC16=""),"",$AC16/'Grundeinstellungen'!$C$15*1000) | AE16: =IF(OR($B16="",$AC16=""),"",IFERROR($AC16/3600/'Grundeinstellungen'!$C$15/'Grundeinstellungen'!$J$22,"")) | AF16: =IF(OR($B16="",$AE16=""),"",IFERROR($AE16*'Grundeinstellungen'!$J$21/'Grundeinstellungen'!$C$17,"")) | AG16: =IF(OR($B16="",$AF16=""),"",IF($AF16<2300,"laminar",IF($AF16<4000,"Übergangsbereich","turbulent"))) | AH16: =IF(OR($B16="",$AF16=""),"",IF($AF16<2300,64/$AF16,0.316/$AF16^0.25)) | AI16: =IF(OR($B16="",$AH16="",$AB16=""),"",IFERROR($AH16*($AB16/'Grundeinstellungen'!$J$21)*('Grundeinstellungen'!$C$15/2)*$AE16^2,"")) | AJ16: =IF(OR($B16="",$AI16="",$AB16=""),"",IFERROR($AI16/$AB16,"")) | AK16: =IF(OR($B16="",$AI16=""),"",$AI16*(1+'Grundeinstellungen'!$C$24)+'Grundeinstellungen'!$C$25)
G17: =IF($B17="","",IFERROR($F17/$D17,"")) | N17: =IF($B17="","",IFERROR(('Grundeinstellungen'!$C$6-'Grundeinstellungen'!$C$7)/LN(('Grundeinstellungen'!$C$6-$E17)/('Grundeinstellungen'!$C$7-$E17)),"")) | O17: =IF($B17="","",IFERROR(IFERROR(INDEX('Konstanten'!$B$6:$B$10,MATCH($I17,'Konstanten'!$A$6:$A$10,1))+($I17-INDEX('Konstanten'!$A$6:$A$10,MATCH($I17,'Konstanten'!$A$6:$A$10,1)))/(INDEX('Konstanten'!$A$6:$A$10,MATCH($I17,'Konstanten'!$A$6:$A$10,1)+1)-INDEX('Konstanten'!$A$6:$A$10,MATCH($I17,'Konstanten'!$A$6:$A$10,1)))*(INDEX('Konstanten'!$B$6:$B$10,MATCH($I17,'Konstanten'!$A$6:$A$10,1)+1)-INDEX('Konstanten'!$B$6:$B$10,MATCH($I17,'Konstanten'!$A$6:$A$10,1))),INDEX('Konstanten'!$B$6:$B$10,MATCH($I17,'Konstanten'!$A$6:$A$10,1))),"")) | P17: =IF($B17="","",IFERROR(IFERROR(INDEX('Konstanten'!$C$6:$C$10,MATCH($I17,'Konstanten'!$A$6:$A$10,1))+($I17-INDEX('Konstanten'!$A$6:$A$10,MATCH($I17,'Konstanten'!$A$6:$A$10,1)))/(INDEX('Konstanten'!$A$6:$A$10,MATCH($I17,'Konstanten'!$A$6:$A$10,1)+1)-INDEX('Konstanten'!$A$6:$A$10,MATCH($I17,'Konstanten'!$A$6:$A$10,1)))*(INDEX('Konstanten'!$C$6:$C$10,MATCH($I17,'Konstanten'!$A$6:$A$10,1)+1)-INDEX('Konstanten'!$C$6:$C$10,MATCH($I17,'Konstanten'!$A$6:$A$10,1))),INDEX('Konstanten'!$C$6:$C$10,MATCH($I17,'Konstanten'!$A$6:$A$10,1))),"")) | Q17: =IF(OR($B17="",$N17="",$O17="",$P17=""),"",'Konstanten'!$C$13*$O17*$P17^(1-($J17/1000)/0.075)*'Konstanten'!$C$14^'Konstanten'!$C$16*'Konstanten'!$C$15^'Konstanten'!$C$17*$N17) | R17: =IF(OR($B17="",$Q17=""),"",$E17+$Q17/'Grundeinstellungen'!$J$6) | S17: =IF($B17="","",IFERROR(VLOOKUP($M17,'Konstanten'!$H$6:$I$13,2,FALSE),29)) | T17: =IF(OR($B17="",$Q17=""),"",$Q17*$H17) | U17: =IF(OR($B17="",$T17=""),"",$T17-$F17) | V17: =IF(OR($B17="",$T17=""),"",IFERROR($T17/$F17,"")) | W17: =IF(OR($B17="",$H17=""),"",'Grundeinstellungen'!$J$13*$H17) | X17: =IF(OR($B17="",$T17=""),"",MIN($T17,$F17)+$W17) | Y17: =IF($B17="","",IFERROR($H17/($J17/1000),"")) | Z17: =IF($B17="","",IFERROR(2*$L17*$K17,"")) | AA17: =IF(OR($B17="",$Y17="",$Z17=""),"",$Y17+$Z17) | AB17: =IF(OR($B17="",$AA17=""),"",IFERROR($AA17/$K17,"")) | AC17: =IF(OR($B17="",$X17=""),"",IFERROR(($X17/$K17)/('Grundeinstellungen'!$C$16*('Grundeinstellungen'!$C$6-'Grundeinstellungen'!$C$7))*3600,"")) | AD17: =IF(OR($B17="",$AC17=""),"",$AC17/'Grundeinstellungen'!$C$15*1000) | AE17: =IF(OR($B17="",$AC17=""),"",IFERROR($AC17/3600/'Grundeinstellungen'!$C$15/'Grundeinstellungen'!$J$22,"")) | AF17: =IF(OR($B17="",$AE17=""),"",IFERROR($AE17*'Grundeinstellungen'!$J$21/'Grundeinstellungen'!$C$17,"")) | AG17: =IF(OR($B17="",$AF17=""),"",IF($AF17<2300,"laminar",IF($AF17<4000,"Übergangsbereich","turbulent"))) | AH17: =IF(OR($B17="",$AF17=""),"",IF($AF17<2300,64/$AF17,0.316/$AF17^0.25)) | AI17: =IF(OR($B17="",$AH17="",$AB17=""),"",IFERROR($AH17*($AB17/'Grundeinstellungen'!$J$21)*('Grundeinstellungen'!$C$15/2)*$AE17^2,"")) | AJ17: =IF(OR($B17="",$AI17="",$AB17=""),"",IFERROR($AI17/$AB17,"")) | AK17: =IF(OR($B17="",$AI17=""),"",$AI17*(1+'Grundeinstellungen'!$C$24)+'Grundeinstellungen'!$C$25)
G18: =IF($B18="","",IFERROR($F18/$D18,"")) | N18: =IF($B18="","",IFERROR(('Grundeinstellungen'!$C$6-'Grundeinstellungen'!$C$7)/LN(('Grundeinstellungen'!$C$6-$E18)/('Grundeinstellungen'!$C$7-$E18)),"")) | O18: =IF($B18="","",IFERROR(IFERROR(INDEX('Konstanten'!$B$6:$B$10,MATCH($I18,'Konstanten'!$A$6:$A$10,1))+($I18-INDEX('Konstanten'!$A$6:$A$10,MATCH($I18,'Konstanten'!$A$6:$A$10,1)))/(INDEX('Konstanten'!$A$6:$A$10,MATCH($I18,'Konstanten'!$A$6:$A$10,1)+1)-INDEX('Konstanten'!$A$6:$A$10,MATCH($I18,'Konstanten'!$A$6:$A$10,1)))*(INDEX('Konstanten'!$B$6:$B$10,MATCH($I18,'Konstanten'!$A$6:$A$10,1)+1)-INDEX('Konstanten'!$B$6:$B$10,MATCH($I18,'Konstanten'!$A$6:$A$10,1))),INDEX('Konstanten'!$B$6:$B$10,MATCH($I18,'Konstanten'!$A$6:$A$10,1))),"")) | P18: =IF($B18="","",IFERROR(IFERROR(INDEX('Konstanten'!$C$6:$C$10,MATCH($I18,'Konstanten'!$A$6:$A$10,1))+($I18-INDEX('Konstanten'!$A$6:$A$10,MATCH($I18,'Konstanten'!$A$6:$A$10,1)))/(INDEX('Konstanten'!$A$6:$A$10,MATCH($I18,'Konstanten'!$A$6:$A$10,1)+1)-INDEX('Konstanten'!$A$6:$A$10,MATCH($I18,'Konstanten'!$A$6:$A$10,1)))*(INDEX('Konstanten'!$C$6:$C$10,MATCH($I18,'Konstanten'!$A$6:$A$10,1)+1)-INDEX('Konstanten'!$C$6:$C$10,MATCH($I18,'Konstanten'!$A$6:$A$10,1))),INDEX('Konstanten'!$C$6:$C$10,MATCH($I18,'Konstanten'!$A$6:$A$10,1))),"")) | Q18: =IF(OR($B18="",$N18="",$O18="",$P18=""),"",'Konstanten'!$C$13*$O18*$P18^(1-($J18/1000)/0.075)*'Konstanten'!$C$14^'Konstanten'!$C$16*'Konstanten'!$C$15^'Konstanten'!$C$17*$N18) | R18: =IF(OR($B18="",$Q18=""),"",$E18+$Q18/'Grundeinstellungen'!$J$6) | S18: =IF($B18="","",IFERROR(VLOOKUP($M18,'Konstanten'!$H$6:$I$13,2,FALSE),29)) | T18: =IF(OR($B18="",$Q18=""),"",$Q18*$H18) | U18: =IF(OR($B18="",$T18=""),"",$T18-$F18) | V18: =IF(OR($B18="",$T18=""),"",IFERROR($T18/$F18,"")) | W18: =IF(OR($B18="",$H18=""),"",'Grundeinstellungen'!$J$13*$H18) | X18: =IF(OR($B18="",$T18=""),"",MIN($T18,$F18)+$W18) | Y18: =IF($B18="","",IFERROR($H18/($J18/1000),"")) | Z18: =IF($B18="","",IFERROR(2*$L18*$K18,"")) | AA18: =IF(OR($B18="",$Y18="",$Z18=""),"",$Y18+$Z18) | AB18: =IF(OR($B18="",$AA18=""),"",IFERROR($AA18/$K18,"")) | AC18: =IF(OR($B18="",$X18=""),"",IFERROR(($X18/$K18)/('Grundeinstellungen'!$C$16*('Grundeinstellungen'!$C$6-'Grundeinstellungen'!$C$7))*3600,"")) | AD18: =IF(OR($B18="",$AC18=""),"",$AC18/'Grundeinstellungen'!$C$15*1000) | AE18: =IF(OR($B18="",$AC18=""),"",IFERROR($AC18/3600/'Grundeinstellungen'!$C$15/'Grundeinstellungen'!$J$22,"")) | AF18: =IF(OR($B18="",$AE18=""),"",IFERROR($AE18*'Grundeinstellungen'!$J$21/'Grundeinstellungen'!$C$17,"")) | AG18: =IF(OR($B18="",$AF18=""),"",IF($AF18<2300,"laminar",IF($AF18<4000,"Übergangsbereich","turbulent"))) | AH18: =IF(OR($B18="",$AF18=""),"",IF($AF18<2300,64/$AF18,0.316/$AF18^0.25)) | AI18: =IF(OR($B18="",$AH18="",$AB18=""),"",IFERROR($AH18*($AB18/'Grundeinstellungen'!$J$21)*('Grundeinstellungen'!$C$15/2)*$AE18^2,"")) | AJ18: =IF(OR($B18="",$AI18="",$AB18=""),"",IFERROR($AI18/$AB18,"")) | AK18: =IF(OR($B18="",$AI18=""),"",$AI18*(1+'Grundeinstellungen'!$C$24)+'Grundeinstellungen'!$C$25)
G19: =IF($B19="","",IFERROR($F19/$D19,"")) | N19: =IF($B19="","",IFERROR(('Grundeinstellungen'!$C$6-'Grundeinstellungen'!$C$7)/LN(('Grundeinstellungen'!$C$6-$E19)/('Grundeinstellungen'!$C$7-$E19)),"")) | O19: =IF($B19="","",IFERROR(IFERROR(INDEX('Konstanten'!$B$6:$B$10,MATCH($I19,'Konstanten'!$A$6:$A$10,1))+($I19-INDEX('Konstanten'!$A$6:$A$10,MATCH($I19,'Konstanten'!$A$6:$A$10,1)))/(INDEX('Konstanten'!$A$6:$A$10,MATCH($I19,'Konstanten'!$A$6:$A$10,1)+1)-INDEX('Konstanten'!$A$6:$A$10,MATCH($I19,'Konstanten'!$A$6:$A$10,1)))*(INDEX('Konstanten'!$B$6:$B$10,MATCH($I19,'Konstanten'!$A$6:$A$10,1)+1)-INDEX('Konstanten'!$B$6:$B$10,MATCH($I19,'Konstanten'!$A$6:$A$10,1))),INDEX('Konstanten'!$B$6:$B$10,MATCH($I19,'Konstanten'!$A$6:$A$10,1))),"")) | P19: =IF($B19="","",IFERROR(IFERROR(INDEX('Konstanten'!$C$6:$C$10,MATCH($I19,'Konstanten'!$A$6:$A$10,1))+($I19-INDEX('Konstanten'!$A$6:$A$10,MATCH($I19,'Konstanten'!$A$6:$A$10,1)))/(INDEX('Konstanten'!$A$6:$A$10,MATCH($I19,'Konstanten'!$A$6:$A$10,1)+1)-INDEX('Konstanten'!$A$6:$A$10,MATCH($I19,'Konstanten'!$A$6:$A$10,1)))*(INDEX('Konstanten'!$C$6:$C$10,MATCH($I19,'Konstanten'!$A$6:$A$10,1)+1)-INDEX('Konstanten'!$C$6:$C$10,MATCH($I19,'Konstanten'!$A$6:$A$10,1))),INDEX('Konstanten'!$C$6:$C$10,MATCH($I19,'Konstanten'!$A$6:$A$10,1))),"")) | Q19: =IF(OR($B19="",$N19="",$O19="",$P19=""),"",'Konstanten'!$C$13*$O19*$P19^(1-($J19/1000)/0.075)*'Konstanten'!$C$14^'Konstanten'!$C$16*'Konstanten'!$C$15^'Konstanten'!$C$17*$N19) | R19: =IF(OR($B19="",$Q19=""),"",$E19+$Q19/'Grundeinstellungen'!$J$6) | S19: =IF($B19="","",IFERROR(VLOOKUP($M19,'Konstanten'!$H$6:$I$13,2,FALSE),29)) | T19: =IF(OR($B19="",$Q19=""),"",$Q19*$H19) | U19: =IF(OR($B19="",$T19=""),"",$T19-$F19) | V19: =IF(OR($B19="",$T19=""),"",IFERROR($T19/$F19,"")) | W19: =IF(OR($B19="",$H19=""),"",'Grundeinstellungen'!$J$13*$H19) | X19: =IF(OR($B19="",$T19=""),"",MIN($T19,$F19)+$W19) | Y19: =IF($B19="","",IFERROR($H19/($J19/1000),"")) | Z19: =IF($B19="","",IFERROR(2*$L19*$K19,"")) | AA19: =IF(OR($B19="",$Y19="",$Z19=""),"",$Y19+$Z19) | AB19: =IF(OR($B19="",$AA19=""),"",IFERROR($AA19/$K19,"")) | AC19: =IF(OR($B19="",$X19=""),"",IFERROR(($X19/$K19)/('Grundeinstellungen'!$C$16*('Grundeinstellungen'!$C$6-'Grundeinstellungen'!$C$7))*3600,"")) | AD19: =IF(OR($B19="",$AC19=""),"",$AC19/'Grundeinstellungen'!$C$15*1000) | AE19: =IF(OR($B19="",$AC19=""),"",IFERROR($AC19/3600/'Grundeinstellungen'!$C$15/'Grundeinstellungen'!$J$22,"")) | AF19: =IF(OR($B19="",$AE19=""),"",IFERROR($AE19*'Grundeinstellungen'!$J$21/'Grundeinstellungen'!$C$17,"")) | AG19: =IF(OR($B19="",$AF19=""),"",IF($AF19<2300,"laminar",IF($AF19<4000,"Übergangsbereich","turbulent"))) | AH19: =IF(OR($B19="",$AF19=""),"",IF($AF19<2300,64/$AF19,0.316/$AF19^0.25)) | AI19: =IF(OR($B19="",$AH19="",$AB19=""),"",IFERROR($AH19*($AB19/'Grundeinstellungen'!$J$21)*('Grundeinstellungen'!$C$15/2)*$AE19^2,"")) | AJ19: =IF(OR($B19="",$AI19="",$AB19=""),"",IFERROR($AI19/$AB19,"")) | AK19: =IF(OR($B19="",$AI19=""),"",$AI19*(1+'Grundeinstellungen'!$C$24)+'Grundeinstellungen'!$C$25)
G20: =IF($B20="","",IFERROR($F20/$D20,"")) | N20: =IF($B20="","",IFERROR(('Grundeinstellungen'!$C$6-'Grundeinstellungen'!$C$7)/LN(('Grundeinstellungen'!$C$6-$E20)/('Grundeinstellungen'!$C$7-$E20)),"")) | O20: =IF($B20="","",IFERROR(IFERROR(INDEX('Konstanten'!$B$6:$B$10,MATCH($I20,'Konstanten'!$A$6:$A$10,1))+($I20-INDEX('Konstanten'!$A$6:$A$10,MATCH($I20,'Konstanten'!$A$6:$A$10,1)))/(INDEX('Konstanten'!$A$6:$A$10,MATCH($I20,'Konstanten'!$A$6:$A$10,1)+1)-INDEX('Konstanten'!$A$6:$A$10,MATCH($I20,'Konstanten'!$A$6:$A$10,1)))*(INDEX('Konstanten'!$B$6:$B$10,MATCH($I20,'Konstanten'!$A$6:$A$10,1)+1)-INDEX('Konstanten'!$B$6:$B$10,MATCH($I20,'Konstanten'!$A$6:$A$10,1))),INDEX('Konstanten'!$B$6:$B$10,MATCH($I20,'Konstanten'!$A$6:$A$10,1))),"")) | P20: =IF($B20="","",IFERROR(IFERROR(INDEX('Konstanten'!$C$6:$C$10,MATCH($I20,'Konstanten'!$A$6:$A$10,1))+($I20-INDEX('Konstanten'!$A$6:$A$10,MATCH($I20,'Konstanten'!$A$6:$A$10,1)))/(INDEX('Konstanten'!$A$6:$A$10,MATCH($I20,'Konstanten'!$A$6:$A$10,1)+1)-INDEX('Konstanten'!$A$6:$A$10,MATCH($I20,'Konstanten'!$A$6:$A$10,1)))*(INDEX('Konstanten'!$C$6:$C$10,MATCH($I20,'Konstanten'!$A$6:$A$10,1)+1)-INDEX('Konstanten'!$C$6:$C$10,MATCH($I20,'Konstanten'!$A$6:$A$10,1))),INDEX('Konstanten'!$C$6:$C$10,MATCH($I20,'Konstanten'!$A$6:$A$10,1))),"")) | Q20: =IF(OR($B20="",$N20="",$O20="",$P20=""),"",'Konstanten'!$C$13*$O20*$P20^(1-($J20/1000)/0.075)*'Konstanten'!$C$14^'Konstanten'!$C$16*'Konstanten'!$C$15^'Konstanten'!$C$17*$N20) | R20: =IF(OR($B20="",$Q20=""),"",$E20+$Q20/'Grundeinstellungen'!$J$6) | S20: =IF($B20="","",IFERROR(VLOOKUP($M20,'Konstanten'!$H$6:$I$13,2,FALSE),29)) | T20: =IF(OR($B20="",$Q20=""),"",$Q20*$H20) | U20: =IF(OR($B20="",$T20=""),"",$T20-$F20) | V20: =IF(OR($B20="",$T20=""),"",IFERROR($T20/$F20,"")) | W20: =IF(OR($B20="",$H20=""),"",'Grundeinstellungen'!$J$13*$H20) | X20: =IF(OR($B20="",$T20=""),"",MIN($T20,$F20)+$W20) | Y20: =IF($B20="","",IFERROR($H20/($J20/1000),"")) | Z20: =IF($B20="","",IFERROR(2*$L20*$K20,"")) | AA20: =IF(OR($B20="",$Y20="",$Z20=""),"",$Y20+$Z20) | AB20: =IF(OR($B20="",$AA20=""),"",IFERROR($AA20/$K20,"")) | AC20: =IF(OR($B20="",$X20=""),"",IFERROR(($X20/$K20)/('Grundeinstellungen'!$C$16*('Grundeinstellungen'!$C$6-'Grundeinstellungen'!$C$7))*3600,"")) | AD20: =IF(OR($B20="",$AC20=""),"",$AC20/'Grundeinstellungen'!$C$15*1000) | AE20: =IF(OR($B20="",$AC20=""),"",IFERROR($AC20/3600/'Grundeinstellungen'!$C$15/'Grundeinstellungen'!$J$22,"")) | AF20: =IF(OR($B20="",$AE20=""),"",IFERROR($AE20*'Grundeinstellungen'!$J$21/'Grundeinstellungen'!$C$17,"")) | AG20: =IF(OR($B20="",$AF20=""),"",IF($AF20<2300,"laminar",IF($AF20<4000,"Übergangsbereich","turbulent"))) | AH20: =IF(OR($B20="",$AF20=""),"",IF($AF20<2300,64/$AF20,0.316/$AF20^0.25)) | AI20: =IF(OR($B20="",$AH20="",$AB20=""),"",IFERROR($AH20*($AB20/'Grundeinstellungen'!$J$21)*('Grundeinstellungen'!$C$15/2)*$AE20^2,"")) | AJ20: =IF(OR($B20="",$AI20="",$AB20=""),"",IFERROR($AI20/$AB20,"")) | AK20: =IF(OR($B20="",$AI20=""),"",$AI20*(1+'Grundeinstellungen'!$C$24)+'Grundeinstellungen'!$C$25)
G21: =IF($B21="","",IFERROR($F21/$D21,"")) | N21: =IF($B21="","",IFERROR(('Grundeinstellungen'!$C$6-'Grundeinstellungen'!$C$7)/LN(('Grundeinstellungen'!$C$6-$E21)/('Grundeinstellungen'!$C$7-$E21)),"")) | O21: =IF($B21="","",IFERROR(IFERROR(INDEX('Konstanten'!$B$6:$B$10,MATCH($I21,'Konstanten'!$A$6:$A$10,1))+($I21-INDEX('Konstanten'!$A$6:$A$10,MATCH($I21,'Konstanten'!$A$6:$A$10,1)))/(INDEX('Konstanten'!$A$6:$A$10,MATCH($I21,'Konstanten'!$A$6:$A$10,1)+1)-INDEX('Konstanten'!$A$6:$A$10,MATCH($I21,'Konstanten'!$A$6:$A$10,1)))*(INDEX('Konstanten'!$B$6:$B$10,MATCH($I21,'Konstanten'!$A$6:$A$10,1)+1)-INDEX('Konstanten'!$B$6:$B$10,MATCH($I21,'Konstanten'!$A$6:$A$10,1))),INDEX('Konstanten'!$B$6:$B$10,MATCH($I21,'Konstanten'!$A$6:$A$10,1))),"")) | P21: =IF($B21="","",IFERROR(IFERROR(INDEX('Konstanten'!$C$6:$C$10,MATCH($I21,'Konstanten'!$A$6:$A$10,1))+($I21-INDEX('Konstanten'!$A$6:$A$10,MATCH($I21,'Konstanten'!$A$6:$A$10,1)))/(INDEX('Konstanten'!$A$6:$A$10,MATCH($I21,'Konstanten'!$A$6:$A$10,1)+1)-INDEX('Konstanten'!$A$6:$A$10,MATCH($I21,'Konstanten'!$A$6:$A$10,1)))*(INDEX('Konstanten'!$C$6:$C$10,MATCH($I21,'Konstanten'!$A$6:$A$10,1)+1)-INDEX('Konstanten'!$C$6:$C$10,MATCH($I21,'Konstanten'!$A$6:$A$10,1))),INDEX('Konstanten'!$C$6:$C$10,MATCH($I21,'Konstanten'!$A$6:$A$10,1))),"")) | Q21: =IF(OR($B21="",$N21="",$O21="",$P21=""),"",'Konstanten'!$C$13*$O21*$P21^(1-($J21/1000)/0.075)*'Konstanten'!$C$14^'Konstanten'!$C$16*'Konstanten'!$C$15^'Konstanten'!$C$17*$N21) | R21: =IF(OR($B21="",$Q21=""),"",$E21+$Q21/'Grundeinstellungen'!$J$6) | S21: =IF($B21="","",IFERROR(VLOOKUP($M21,'Konstanten'!$H$6:$I$13,2,FALSE),29)) | T21: =IF(OR($B21="",$Q21=""),"",$Q21*$H21) | U21: =IF(OR($B21="",$T21=""),"",$T21-$F21) | V21: =IF(OR($B21="",$T21=""),"",IFERROR($T21/$F21,"")) | W21: =IF(OR($B21="",$H21=""),"",'Grundeinstellungen'!$J$13*$H21) | X21: =IF(OR($B21="",$T21=""),"",MIN($T21,$F21)+$W21) | Y21: =IF($B21="","",IFERROR($H21/($J21/1000),"")) | Z21: =IF($B21="","",IFERROR(2*$L21*$K21,"")) | AA21: =IF(OR($B21="",$Y21="",$Z21=""),"",$Y21+$Z21) | AB21: =IF(OR($B21="",$AA21=""),"",IFERROR($AA21/$K21,"")) | AC21: =IF(OR($B21="",$X21=""),"",IFERROR(($X21/$K21)/('Grundeinstellungen'!$C$16*('Grundeinstellungen'!$C$6-'Grundeinstellungen'!$C$7))*3600,"")) | AD21: =IF(OR($B21="",$AC21=""),"",$AC21/'Grundeinstellungen'!$C$15*1000) | AE21: =IF(OR($B21="",$AC21=""),"",IFERROR($AC21/3600/'Grundeinstellungen'!$C$15/'Grundeinstellungen'!$J$22,"")) | AF21: =IF(OR($B21="",$AE21=""),"",IFERROR($AE21*'Grundeinstellungen'!$J$21/'Grundeinstellungen'!$C$17,"")) | AG21: =IF(OR($B21="",$AF21=""),"",IF($AF21<2300,"laminar",IF($AF21<4000,"Übergangsbereich","turbulent"))) | AH21: =IF(OR($B21="",$AF21=""),"",IF($AF21<2300,64/$AF21,0.316/$AF21^0.25)) | AI21: =IF(OR($B21="",$AH21="",$AB21=""),"",IFERROR($AH21*($AB21/'Grundeinstellungen'!$J$21)*('Grundeinstellungen'!$C$15/2)*$AE21^2,"")) | AJ21: =IF(OR($B21="",$AI21="",$AB21=""),"",IFERROR($AI21/$AB21,"")) | AK21: =IF(OR($B21="",$AI21=""),"",$AI21*(1+'Grundeinstellungen'!$C$24)+'Grundeinstellungen'!$C$25)
G22: =IF($B22="","",IFERROR($F22/$D22,"")) | N22: =IF($B22="","",IFERROR(('Grundeinstellungen'!$C$6-'Grundeinstellungen'!$C$7)/LN(('Grundeinstellungen'!$C$6-$E22)/('Grundeinstellungen'!$C$7-$E22)),"")) | O22: =IF($B22="","",IFERROR(IFERROR(INDEX('Konstanten'!$B$6:$B$10,MATCH($I22,'Konstanten'!$A$6:$A$10,1))+($I22-INDEX('Konstanten'!$A$6:$A$10,MATCH($I22,'Konstanten'!$A$6:$A$10,1)))/(INDEX('Konstanten'!$A$6:$A$10,MATCH($I22,'Konstanten'!$A$6:$A$10,1)+1)-INDEX('Konstanten'!$A$6:$A$10,MATCH($I22,'Konstanten'!$A$6:$A$10,1)))*(INDEX('Konstanten'!$B$6:$B$10,MATCH($I22,'Konstanten'!$A$6:$A$10,1)+1)-INDEX('Konstanten'!$B$6:$B$10,MATCH($I22,'Konstanten'!$A$6:$A$10,1))),INDEX('Konstanten'!$B$6:$B$10,MATCH($I22,'Konstanten'!$A$6:$A$10,1))),"")) | P22: =IF($B22="","",IFERROR(IFERROR(INDEX('Konstanten'!$C$6:$C$10,MATCH($I22,'Konstanten'!$A$6:$A$10,1))+($I22-INDEX('Konstanten'!$A$6:$A$10,MATCH($I22,'Konstanten'!$A$6:$A$10,1)))/(INDEX('Konstanten'!$A$6:$A$10,MATCH($I22,'Konstanten'!$A$6:$A$10,1)+1)-INDEX('Konstanten'!$A$6:$A$10,MATCH($I22,'Konstanten'!$A$6:$A$10,1)))*(INDEX('Konstanten'!$C$6:$C$10,MATCH($I22,'Konstanten'!$A$6:$A$10,1)+1)-INDEX('Konstanten'!$C$6:$C$10,MATCH($I22,'Konstanten'!$A$6:$A$10,1))),INDEX('Konstanten'!$C$6:$C$10,MATCH($I22,'Konstanten'!$A$6:$A$10,1))),"")) | Q22: =IF(OR($B22="",$N22="",$O22="",$P22=""),"",'Konstanten'!$C$13*$O22*$P22^(1-($J22/1000)/0.075)*'Konstanten'!$C$14^'Konstanten'!$C$16*'Konstanten'!$C$15^'Konstanten'!$C$17*$N22) | R22: =IF(OR($B22="",$Q22=""),"",$E22+$Q22/'Grundeinstellungen'!$J$6) | S22: =IF($B22="","",IFERROR(VLOOKUP($M22,'Konstanten'!$H$6:$I$13,2,FALSE),29)) | T22: =IF(OR($B22="",$Q22=""),"",$Q22*$H22) | U22: =IF(OR($B22="",$T22=""),"",$T22-$F22) | V22: =IF(OR($B22="",$T22=""),"",IFERROR($T22/$F22,"")) | W22: =IF(OR($B22="",$H22=""),"",'Grundeinstellungen'!$J$13*$H22) | X22: =IF(OR($B22="",$T22=""),"",MIN($T22,$F22)+$W22) | Y22: =IF($B22="","",IFERROR($H22/($J22/1000),"")) | Z22: =IF($B22="","",IFERROR(2*$L22*$K22,"")) | AA22: =IF(OR($B22="",$Y22="",$Z22=""),"",$Y22+$Z22) | AB22: =IF(OR($B22="",$AA22=""),"",IFERROR($AA22/$K22,"")) | AC22: =IF(OR($B22="",$X22=""),"",IFERROR(($X22/$K22)/('Grundeinstellungen'!$C$16*('Grundeinstellungen'!$C$6-'Grundeinstellungen'!$C$7))*3600,"")) | AD22: =IF(OR($B22="",$AC22=""),"",$AC22/'Grundeinstellungen'!$C$15*1000) | AE22: =IF(OR($B22="",$AC22=""),"",IFERROR($AC22/3600/'Grundeinstellungen'!$C$15/'Grundeinstellungen'!$J$22,"")) | AF22: =IF(OR($B22="",$AE22=""),"",IFERROR($AE22*'Grundeinstellungen'!$J$21/'Grundeinstellungen'!$C$17,"")) | AG22: =IF(OR($B22="",$AF22=""),"",IF($AF22<2300,"laminar",IF($AF22<4000,"Übergangsbereich","turbulent"))) | AH22: =IF(OR($B22="",$AF22=""),"",IF($AF22<2300,64/$AF22,0.316/$AF22^0.25)) | AI22: =IF(OR($B22="",$AH22="",$AB22=""),"",IFERROR($AH22*($AB22/'Grundeinstellungen'!$J$21)*('Grundeinstellungen'!$C$15/2)*$AE22^2,"")) | AJ22: =IF(OR($B22="",$AI22="",$AB22=""),"",IFERROR($AI22/$AB22,"")) | AK22: =IF(OR($B22="",$AI22=""),"",$AI22*(1+'Grundeinstellungen'!$C$24)+'Grundeinstellungen'!$C$25)
G23: =IF($B23="","",IFERROR($F23/$D23,"")) | N23: =IF($B23="","",IFERROR(('Grundeinstellungen'!$C$6-'Grundeinstellungen'!$C$7)/LN(('Grundeinstellungen'!$C$6-$E23)/('Grundeinstellungen'!$C$7-$E23)),"")) | O23: =IF($B23="","",IFERROR(IFERROR(INDEX('Konstanten'!$B$6:$B$10,MATCH($I23,'Konstanten'!$A$6:$A$10,1))+($I23-INDEX('Konstanten'!$A$6:$A$10,MATCH($I23,'Konstanten'!$A$6:$A$10,1)))/(INDEX('Konstanten'!$A$6:$A$10,MATCH($I23,'Konstanten'!$A$6:$A$10,1)+1)-INDEX('Konstanten'!$A$6:$A$10,MATCH($I23,'Konstanten'!$A$6:$A$10,1)))*(INDEX('Konstanten'!$B$6:$B$10,MATCH($I23,'Konstanten'!$A$6:$A$10,1)+1)-INDEX('Konstanten'!$B$6:$B$10,MATCH($I23,'Konstanten'!$A$6:$A$10,1))),INDEX('Konstanten'!$B$6:$B$10,MATCH($I23,'Konstanten'!$A$6:$A$10,1))),"")) | P23: =IF($B23="","",IFERROR(IFERROR(INDEX('Konstanten'!$C$6:$C$10,MATCH($I23,'Konstanten'!$A$6:$A$10,1))+($I23-INDEX('Konstanten'!$A$6:$A$10,MATCH($I23,'Konstanten'!$A$6:$A$10,1)))/(INDEX('Konstanten'!$A$6:$A$10,MATCH($I23,'Konstanten'!$A$6:$A$10,1)+1)-INDEX('Konstanten'!$A$6:$A$10,MATCH($I23,'Konstanten'!$A$6:$A$10,1)))*(INDEX('Konstanten'!$C$6:$C$10,MATCH($I23,'Konstanten'!$A$6:$A$10,1)+1)-INDEX('Konstanten'!$C$6:$C$10,MATCH($I23,'Konstanten'!$A$6:$A$10,1))),INDEX('Konstanten'!$C$6:$C$10,MATCH($I23,'Konstanten'!$A$6:$A$10,1))),"")) | Q23: =IF(OR($B23="",$N23="",$O23="",$P23=""),"",'Konstanten'!$C$13*$O23*$P23^(1-($J23/1000)/0.075)*'Konstanten'!$C$14^'Konstanten'!$C$16*'Konstanten'!$C$15^'Konstanten'!$C$17*$N23) | R23: =IF(OR($B23="",$Q23=""),"",$E23+$Q23/'Grundeinstellungen'!$J$6) | S23: =IF($B23="","",IFERROR(VLOOKUP($M23,'Konstanten'!$H$6:$I$13,2,FALSE),29)) | T23: =IF(OR($B23="",$Q23=""),"",$Q23*$H23) | U23: =IF(OR($B23="",$T23=""),"",$T23-$F23) | V23: =IF(OR($B23="",$T23=""),"",IFERROR($T23/$F23,"")) | W23: =IF(OR($B23="",$H23=""),"",'Grundeinstellungen'!$J$13*$H23) | X23: =IF(OR($B23="",$T23=""),"",MIN($T23,$F23)+$W23) | Y23: =IF($B23="","",IFERROR($H23/($J23/1000),"")) | Z23: =IF($B23="","",IFERROR(2*$L23*$K23,"")) | AA23: =IF(OR($B23="",$Y23="",$Z23=""),"",$Y23+$Z23) | AB23: =IF(OR($B23="",$AA23=""),"",IFERROR($AA23/$K23,"")) | AC23: =IF(OR($B23="",$X23=""),"",IFERROR(($X23/$K23)/('Grundeinstellungen'!$C$16*('Grundeinstellungen'!$C$6-'Grundeinstellungen'!$C$7))*3600,"")) | AD23: =IF(OR($B23="",$AC23=""),"",$AC23/'Grundeinstellungen'!$C$15*1000) | AE23: =IF(OR($B23="",$AC23=""),"",IFERROR($AC23/3600/'Grundeinstellungen'!$C$15/'Grundeinstellungen'!$J$22,"")) | AF23: =IF(OR($B23="",$AE23=""),"",IFERROR($AE23*'Grundeinstellungen'!$J$21/'Grundeinstellungen'!$C$17,"")) | AG23: =IF(OR($B23="",$AF23=""),"",IF($AF23<2300,"laminar",IF($AF23<4000,"Übergangsbereich","turbulent"))) | AH23: =IF(OR($B23="",$AF23=""),"",IF($AF23<2300,64/$AF23,0.316/$AF23^0.25)) | AI23: =IF(OR($B23="",$AH23="",$AB23=""),"",IFERROR($AH23*($AB23/'Grundeinstellungen'!$J$21)*('Grundeinstellungen'!$C$15/2)*$AE23^2,"")) | AJ23: =IF(OR($B23="",$AI23="",$AB23=""),"",IFERROR($AI23/$AB23,"")) | AK23: =IF(OR($B23="",$AI23=""),"",$AI23*(1+'Grundeinstellungen'!$C$24)+'Grundeinstellungen'!$C$25)
G24: =IF($B24="","",IFERROR($F24/$D24,"")) | N24: =IF($B24="","",IFERROR(('Grundeinstellungen'!$C$6-'Grundeinstellungen'!$C$7)/LN(('Grundeinstellungen'!$C$6-$E24)/('Grundeinstellungen'!$C$7-$E24)),"")) | O24: =IF($B24="","",IFERROR(IFERROR(INDEX('Konstanten'!$B$6:$B$10,MATCH($I24,'Konstanten'!$A$6:$A$10,1))+($I24-INDEX('Konstanten'!$A$6:$A$10,MATCH($I24,'Konstanten'!$A$6:$A$10,1)))/(INDEX('Konstanten'!$A$6:$A$10,MATCH($I24,'Konstanten'!$A$6:$A$10,1)+1)-INDEX('Konstanten'!$A$6:$A$10,MATCH($I24,'Konstanten'!$A$6:$A$10,1)))*(INDEX('Konstanten'!$B$6:$B$10,MATCH($I24,'Konstanten'!$A$6:$A$10,1)+1)-INDEX('Konstanten'!$B$6:$B$10,MATCH($I24,'Konstanten'!$A$6:$A$10,1))),INDEX('Konstanten'!$B$6:$B$10,MATCH($I24,'Konstanten'!$A$6:$A$10,1))),"")) | P24: =IF($B24="","",IFERROR(IFERROR(INDEX('Konstanten'!$C$6:$C$10,MATCH($I24,'Konstanten'!$A$6:$A$10,1))+($I24-INDEX('Konstanten'!$A$6:$A$10,MATCH($I24,'Konstanten'!$A$6:$A$10,1)))/(INDEX('Konstanten'!$A$6:$A$10,MATCH($I24,'Konstanten'!$A$6:$A$10,1)+1)-INDEX('Konstanten'!$A$6:$A$10,MATCH($I24,'Konstanten'!$A$6:$A$10,1)))*(INDEX('Konstanten'!$C$6:$C$10,MATCH($I24,'Konstanten'!$A$6:$A$10,1)+1)-INDEX('Konstanten'!$C$6:$C$10,MATCH($I24,'Konstanten'!$A$6:$A$10,1))),INDEX('Konstanten'!$C$6:$C$10,MATCH($I24,'Konstanten'!$A$6:$A$10,1))),"")) | Q24: =IF(OR($B24="",$N24="",$O24="",$P24=""),"",'Konstanten'!$C$13*$O24*$P24^(1-($J24/1000)/0.075)*'Konstanten'!$C$14^'Konstanten'!$C$16*'Konstanten'!$C$15^'Konstanten'!$C$17*$N24) | R24: =IF(OR($B24="",$Q24=""),"",$E24+$Q24/'Grundeinstellungen'!$J$6) | S24: =IF($B24="","",IFERROR(VLOOKUP($M24,'Konstanten'!$H$6:$I$13,2,FALSE),29)) | T24: =IF(OR($B24="",$Q24=""),"",$Q24*$H24) | U24: =IF(OR($B24="",$T24=""),"",$T24-$F24) | V24: =IF(OR($B24="",$T24=""),"",IFERROR($T24/$F24,"")) | W24: =IF(OR($B24="",$H24=""),"",'Grundeinstellungen'!$J$13*$H24) | X24: =IF(OR($B24="",$T24=""),"",MIN($T24,$F24)+$W24) | Y24: =IF($B24="","",IFERROR($H24/($J24/1000),"")) | Z24: =IF($B24="","",IFERROR(2*$L24*$K24,"")) | AA24: =IF(OR($B24="",$Y24="",$Z24=""),"",$Y24+$Z24) | AB24: =IF(OR($B24="",$AA24=""),"",IFERROR($AA24/$K24,"")) | AC24: =IF(OR($B24="",$X24=""),"",IFERROR(($X24/$K24)/('Grundeinstellungen'!$C$16*('Grundeinstellungen'!$C$6-'Grundeinstellungen'!$C$7))*3600,"")) | AD24: =IF(OR($B24="",$AC24=""),"",$AC24/'Grundeinstellungen'!$C$15*1000) | AE24: =IF(OR($B24="",$AC24=""),"",IFERROR($AC24/3600/'Grundeinstellungen'!$C$15/'Grundeinstellungen'!$J$22,"")) | AF24: =IF(OR($B24="",$AE24=""),"",IFERROR($AE24*'Grundeinstellungen'!$J$21/'Grundeinstellungen'!$C$17,"")) | AG24: =IF(OR($B24="",$AF24=""),"",IF($AF24<2300,"laminar",IF($AF24<4000,"Übergangsbereich","turbulent"))) | AH24: =IF(OR($B24="",$AF24=""),"",IF($AF24<2300,64/$AF24,0.316/$AF24^0.25)) | AI24: =IF(OR($B24="",$AH24="",$AB24=""),"",IFERROR($AH24*($AB24/'Grundeinstellungen'!$J$21)*('Grundeinstellungen'!$C$15/2)*$AE24^2,"")) | AJ24: =IF(OR($B24="",$AI24="",$AB24=""),"",IFERROR($AI24/$AB24,"")) | AK24: =IF(OR($B24="",$AI24=""),"",$AI24*(1+'Grundeinstellungen'!$C$24)+'Grundeinstellungen'!$C$25)
G25: =IF($B25="","",IFERROR($F25/$D25,"")) | N25: =IF($B25="","",IFERROR(('Grundeinstellungen'!$C$6-'Grundeinstellungen'!$C$7)/LN(('Grundeinstellungen'!$C$6-$E25)/('Grundeinstellungen'!$C$7-$E25)),"")) | O25: =IF($B25="","",IFERROR(IFERROR(INDEX('Konstanten'!$B$6:$B$10,MATCH($I25,'Konstanten'!$A$6:$A$10,1))+($I25-INDEX('Konstanten'!$A$6:$A$10,MATCH($I25,'Konstanten'!$A$6:$A$10,1)))/(INDEX('Konstanten'!$A$6:$A$10,MATCH($I25,'Konstanten'!$A$6:$A$10,1)+1)-INDEX('Konstanten'!$A$6:$A$10,MATCH($I25,'Konstanten'!$A$6:$A$10,1)))*(INDEX('Konstanten'!$B$6:$B$10,MATCH($I25,'Konstanten'!$A$6:$A$10,1)+1)-INDEX('Konstanten'!$B$6:$B$10,MATCH($I25,'Konstanten'!$A$6:$A$10,1))),INDEX('Konstanten'!$B$6:$B$10,MATCH($I25,'Konstanten'!$A$6:$A$10,1))),"")) | P25: =IF($B25="","",IFERROR(IFERROR(INDEX('Konstanten'!$C$6:$C$10,MATCH($I25,'Konstanten'!$A$6:$A$10,1))+($I25-INDEX('Konstanten'!$A$6:$A$10,MATCH($I25,'Konstanten'!$A$6:$A$10,1)))/(INDEX('Konstanten'!$A$6:$A$10,MATCH($I25,'Konstanten'!$A$6:$A$10,1)+1)-INDEX('Konstanten'!$A$6:$A$10,MATCH($I25,'Konstanten'!$A$6:$A$10,1)))*(INDEX('Konstanten'!$C$6:$C$10,MATCH($I25,'Konstanten'!$A$6:$A$10,1)+1)-INDEX('Konstanten'!$C$6:$C$10,MATCH($I25,'Konstanten'!$A$6:$A$10,1))),INDEX('Konstanten'!$C$6:$C$10,MATCH($I25,'Konstanten'!$A$6:$A$10,1))),"")) | Q25: =IF(OR($B25="",$N25="",$O25="",$P25=""),"",'Konstanten'!$C$13*$O25*$P25^(1-($J25/1000)/0.075)*'Konstanten'!$C$14^'Konstanten'!$C$16*'Konstanten'!$C$15^'Konstanten'!$C$17*$N25) | R25: =IF(OR($B25="",$Q25=""),"",$E25+$Q25/'Grundeinstellungen'!$J$6) | S25: =IF($B25="","",IFERROR(VLOOKUP($M25,'Konstanten'!$H$6:$I$13,2,FALSE),29)) | T25: =IF(OR($B25="",$Q25=""),"",$Q25*$H25) | U25: =IF(OR($B25="",$T25=""),"",$T25-$F25) | V25: =IF(OR($B25="",$T25=""),"",IFERROR($T25/$F25,"")) | W25: =IF(OR($B25="",$H25=""),"",'Grundeinstellungen'!$J$13*$H25) | X25: =IF(OR($B25="",$T25=""),"",MIN($T25,$F25)+$W25) | Y25: =IF($B25="","",IFERROR($H25/($J25/1000),"")) | Z25: =IF($B25="","",IFERROR(2*$L25*$K25,"")) | AA25: =IF(OR($B25="",$Y25="",$Z25=""),"",$Y25+$Z25) | AB25: =IF(OR($B25="",$AA25=""),"",IFERROR($AA25/$K25,"")) | AC25: =IF(OR($B25="",$X25=""),"",IFERROR(($X25/$K25)/('Grundeinstellungen'!$C$16*('Grundeinstellungen'!$C$6-'Grundeinstellungen'!$C$7))*3600,"")) | AD25: =IF(OR($B25="",$AC25=""),"",$AC25/'Grundeinstellungen'!$C$15*1000) | AE25: =IF(OR($B25="",$AC25=""),"",IFERROR($AC25/3600/'Grundeinstellungen'!$C$15/'Grundeinstellungen'!$J$22,"")) | AF25: =IF(OR($B25="",$AE25=""),"",IFERROR($AE25*'Grundeinstellungen'!$J$21/'Grundeinstellungen'!$C$17,"")) | AG25: =IF(OR($B25="",$AF25=""),"",IF($AF25<2300,"laminar",IF($AF25<4000,"Übergangsbereich","turbulent"))) | AH25: =IF(OR($B25="",$AF25=""),"",IF($AF25<2300,64/$AF25,0.316/$AF25^0.25)) | AI25: =IF(OR($B25="",$AH25="",$AB25=""),"",IFERROR($AH25*($AB25/'Grundeinstellungen'!$J$21)*('Grundeinstellungen'!$C$15/2)*$AE25^2,"")) | AJ25: =IF(OR($B25="",$AI25="",$AB25=""),"",IFERROR($AI25/$AB25,"")) | AK25: =IF(OR($B25="",$AI25=""),"",$AI25*(1+'Grundeinstellungen'!$C$24)+'Grundeinstellungen'!$C$25)
G26: =IF($B26="","",IFERROR($F26/$D26,"")) | N26: =IF($B26="","",IFERROR(('Grundeinstellungen'!$C$6-'Grundeinstellungen'!$C$7)/LN(('Grundeinstellungen'!$C$6-$E26)/('Grundeinstellungen'!$C$7-$E26)),"")) | O26: =IF($B26="","",IFERROR(IFERROR(INDEX('Konstanten'!$B$6:$B$10,MATCH($I26,'Konstanten'!$A$6:$A$10,1))+($I26-INDEX('Konstanten'!$A$6:$A$10,MATCH($I26,'Konstanten'!$A$6:$A$10,1)))/(INDEX('Konstanten'!$A$6:$A$10,MATCH($I26,'Konstanten'!$A$6:$A$10,1)+1)-INDEX('Konstanten'!$A$6:$A$10,MATCH($I26,'Konstanten'!$A$6:$A$10,1)))*(INDEX('Konstanten'!$B$6:$B$10,MATCH($I26,'Konstanten'!$A$6:$A$10,1)+1)-INDEX('Konstanten'!$B$6:$B$10,MATCH($I26,'Konstanten'!$A$6:$A$10,1))),INDEX('Konstanten'!$B$6:$B$10,MATCH($I26,'Konstanten'!$A$6:$A$10,1))),"")) | P26: =IF($B26="","",IFERROR(IFERROR(INDEX('Konstanten'!$C$6:$C$10,MATCH($I26,'Konstanten'!$A$6:$A$10,1))+($I26-INDEX('Konstanten'!$A$6:$A$10,MATCH($I26,'Konstanten'!$A$6:$A$10,1)))/(INDEX('Konstanten'!$A$6:$A$10,MATCH($I26,'Konstanten'!$A$6:$A$10,1)+1)-INDEX('Konstanten'!$A$6:$A$10,MATCH($I26,'Konstanten'!$A$6:$A$10,1)))*(INDEX('Konstanten'!$C$6:$C$10,MATCH($I26,'Konstanten'!$A$6:$A$10,1)+1)-INDEX('Konstanten'!$C$6:$C$10,MATCH($I26,'Konstanten'!$A$6:$A$10,1))),INDEX('Konstanten'!$C$6:$C$10,MATCH($I26,'Konstanten'!$A$6:$A$10,1))),"")) | Q26: =IF(OR($B26="",$N26="",$O26="",$P26=""),"",'Konstanten'!$C$13*$O26*$P26^(1-($J26/1000)/0.075)*'Konstanten'!$C$14^'Konstanten'!$C$16*'Konstanten'!$C$15^'Konstanten'!$C$17*$N26) | R26: =IF(OR($B26="",$Q26=""),"",$E26+$Q26/'Grundeinstellungen'!$J$6) | S26: =IF($B26="","",IFERROR(VLOOKUP($M26,'Konstanten'!$H$6:$I$13,2,FALSE),29)) | T26: =IF(OR($B26="",$Q26=""),"",$Q26*$H26) | U26: =IF(OR($B26="",$T26=""),"",$T26-$F26) | V26: =IF(OR($B26="",$T26=""),"",IFERROR($T26/$F26,"")) | W26: =IF(OR($B26="",$H26=""),"",'Grundeinstellungen'!$J$13*$H26) | X26: =IF(OR($B26="",$T26=""),"",MIN($T26,$F26)+$W26) | Y26: =IF($B26="","",IFERROR($H26/($J26/1000),"")) | Z26: =IF($B26="","",IFERROR(2*$L26*$K26,"")) | AA26: =IF(OR($B26="",$Y26="",$Z26=""),"",$Y26+$Z26) | AB26: =IF(OR($B26="",$AA26=""),"",IFERROR($AA26/$K26,"")) | AC26: =IF(OR($B26="",$X26=""),"",IFERROR(($X26/$K26)/('Grundeinstellungen'!$C$16*('Grundeinstellungen'!$C$6-'Grundeinstellungen'!$C$7))*3600,"")) | AD26: =IF(OR($B26="",$AC26=""),"",$AC26/'Grundeinstellungen'!$C$15*1000) | AE26: =IF(OR($B26="",$AC26=""),"",IFERROR($AC26/3600/'Grundeinstellungen'!$C$15/'Grundeinstellungen'!$J$22,"")) | AF26: =IF(OR($B26="",$AE26=""),"",IFERROR($AE26*'Grundeinstellungen'!$J$21/'Grundeinstellungen'!$C$17,"")) | AG26: =IF(OR($B26="",$AF26=""),"",IF($AF26<2300,"laminar",IF($AF26<4000,"Übergangsbereich","turbulent"))) | AH26: =IF(OR($B26="",$AF26=""),"",IF($AF26<2300,64/$AF26,0.316/$AF26^0.25)) | AI26: =IF(OR($B26="",$AH26="",$AB26=""),"",IFERROR($AH26*($AB26/'Grundeinstellungen'!$J$21)*('Grundeinstellungen'!$C$15/2)*$AE26^2,"")) | AJ26: =IF(OR($B26="",$AI26="",$AB26=""),"",IFERROR($AI26/$AB26,"")) | AK26: =IF(OR($B26="",$AI26=""),"",$AI26*(1+'Grundeinstellungen'!$C$24)+'Grundeinstellungen'!$C$25)
G27: =IF($B27="","",IFERROR($F27/$D27,"")) | N27: =IF($B27="","",IFERROR(('Grundeinstellungen'!$C$6-'Grundeinstellungen'!$C$7)/LN(('Grundeinstellungen'!$C$6-$E27)/('Grundeinstellungen'!$C$7-$E27)),"")) | O27: =IF($B27="","",IFERROR(IFERROR(INDEX('Konstanten'!$B$6:$B$10,MATCH($I27,'Konstanten'!$A$6:$A$10,1))+($I27-INDEX('Konstanten'!$A$6:$A$10,MATCH($I27,'Konstanten'!$A$6:$A$10,1)))/(INDEX('Konstanten'!$A$6:$A$10,MATCH($I27,'Konstanten'!$A$6:$A$10,1)+1)-INDEX('Konstanten'!$A$6:$A$10,MATCH($I27,'Konstanten'!$A$6:$A$10,1)))*(INDEX('Konstanten'!$B$6:$B$10,MATCH($I27,'Konstanten'!$A$6:$A$10,1)+1)-INDEX('Konstanten'!$B$6:$B$10,MATCH($I27,'Konstanten'!$A$6:$A$10,1))),INDEX('Konstanten'!$B$6:$B$10,MATCH($I27,'Konstanten'!$A$6:$A$10,1))),"")) | P27: =IF($B27="","",IFERROR(IFERROR(INDEX('Konstanten'!$C$6:$C$10,MATCH($I27,'Konstanten'!$A$6:$A$10,1))+($I27-INDEX('Konstanten'!$A$6:$A$10,MATCH($I27,'Konstanten'!$A$6:$A$10,1)))/(INDEX('Konstanten'!$A$6:$A$10,MATCH($I27,'Konstanten'!$A$6:$A$10,1)+1)-INDEX('Konstanten'!$A$6:$A$10,MATCH($I27,'Konstanten'!$A$6:$A$10,1)))*(INDEX('Konstanten'!$C$6:$C$10,MATCH($I27,'Konstanten'!$A$6:$A$10,1)+1)-INDEX('Konstanten'!$C$6:$C$10,MATCH($I27,'Konstanten'!$A$6:$A$10,1))),INDEX('Konstanten'!$C$6:$C$10,MATCH($I27,'Konstanten'!$A$6:$A$10,1))),"")) | Q27: =IF(OR($B27="",$N27="",$O27="",$P27=""),"",'Konstanten'!$C$13*$O27*$P27^(1-($J27/1000)/0.075)*'Konstanten'!$C$14^'Konstanten'!$C$16*'Konstanten'!$C$15^'Konstanten'!$C$17*$N27) | R27: =IF(OR($B27="",$Q27=""),"",$E27+$Q27/'Grundeinstellungen'!$J$6) | S27: =IF($B27="","",IFERROR(VLOOKUP($M27,'Konstanten'!$H$6:$I$13,2,FALSE),29)) | T27: =IF(OR($B27="",$Q27=""),"",$Q27*$H27) | U27: =IF(OR($B27="",$T27=""),"",$T27-$F27) | V27: =IF(OR($B27="",$T27=""),"",IFERROR($T27/$F27,"")) | W27: =IF(OR($B27="",$H27=""),"",'Grundeinstellungen'!$J$13*$H27) | X27: =IF(OR($B27="",$T27=""),"",MIN($T27,$F27)+$W27) | Y27: =IF($B27="","",IFERROR($H27/($J27/1000),"")) | Z27: =IF($B27="","",IFERROR(2*$L27*$K27,"")) | AA27: =IF(OR($B27="",$Y27="",$Z27=""),"",$Y27+$Z27) | AB27: =IF(OR($B27="",$AA27=""),"",IFERROR($AA27/$K27,"")) | AC27: =IF(OR($B27="",$X27=""),"",IFERROR(($X27/$K27)/('Grundeinstellungen'!$C$16*('Grundeinstellungen'!$C$6-'Grundeinstellungen'!$C$7))*3600,"")) | AD27: =IF(OR($B27="",$AC27=""),"",$AC27/'Grundeinstellungen'!$C$15*1000) | AE27: =IF(OR($B27="",$AC27=""),"",IFERROR($AC27/3600/'Grundeinstellungen'!$C$15/'Grundeinstellungen'!$J$22,"")) | AF27: =IF(OR($B27="",$AE27=""),"",IFERROR($AE27*'Grundeinstellungen'!$J$21/'Grundeinstellungen'!$C$17,"")) | AG27: =IF(OR($B27="",$AF27=""),"",IF($AF27<2300,"laminar",IF($AF27<4000,"Übergangsbereich","turbulent"))) | AH27: =IF(OR($B27="",$AF27=""),"",IF($AF27<2300,64/$AF27,0.316/$AF27^0.25)) | AI27: =IF(OR($B27="",$AH27="",$AB27=""),"",IFERROR($AH27*($AB27/'Grundeinstellungen'!$J$21)*('Grundeinstellungen'!$C$15/2)*$AE27^2,"")) | AJ27: =IF(OR($B27="",$AI27="",$AB27=""),"",IFERROR($AI27/$AB27,"")) | AK27: =IF(OR($B27="",$AI27=""),"",$AI27*(1+'Grundeinstellungen'!$C$24)+'Grundeinstellungen'!$C$25)
... G206: =IF($B206="","",IFERROR($F206/$D206,"")) | N206: =IF($B206="","",IFERROR(('Grundeinstellungen'!$C$6-'Grundeinstellungen'!$C$7)/LN(('Grundeinstellungen'!$C$6-$E206)/('Grundeinstellungen'!$C$7-$E206)),"")) | O206: =IF($B206="","",IFERROR(IFERROR(INDEX('Konstanten'!$B$6:$B$10,MATCH($I206,'Konstanten'!$A$6:$A$10,1))+($I206-INDEX('Konstanten'!$A$6:$A$10,MATCH($I206,'Konstanten'!$A$6:$A$10,1)))/(INDEX('Konstanten'!$A$6:$A$10,MATCH($I206,'Konstanten'!$A$6:$A$10,1)+1)-INDEX('Konstanten'!$A$6:$A$10,MATCH($I206,'Konstanten'!$A$6:$A$10,1)))*(INDEX('Konstanten'!$B$6:$B$10,MATCH($I206,'Konstanten'!$A$6:$A$10,1)+1)-INDEX('Konstanten'!$B$6:$B$10,MATCH($I206,'Konstanten'!$A$6:$A$10,1))),INDEX('Konstanten'!$B$6:$B$10,MATCH($I206,'Konstanten'!$A$6:$A$10,1))),"")) | P206: =IF($B206="","",IFERROR(IFERROR(INDEX('Konstanten'!$C$6:$C$10,MATCH($I206,'Konstanten'!$A$6:$A$10,1))+($I206-INDEX('Konstanten'!$A$6:$A$10,MATCH($I206,'Konstanten'!$A$6:$A$10,1)))/(INDEX('Konstanten'!$A$6:$A$10,MATCH($I206,'Konstanten'!$A$6:$A$10,1)+1)-INDEX('Konstanten'!$A$6:$A$10,MATCH($I206,'Konstanten'!$A$6:$A$10,1)))*(INDEX('Konstanten'!$C$6:$C$10,MATCH($I206,'Konstanten'!$A$6:$A$10,1)+1)-INDEX('Konstanten'!$C$6:$C$10,MATCH($I206,'Konstanten'!$A$6:$A$10,1))),INDEX('Konstanten'!$C$6:$C$10,MATCH($I206,'Konstanten'!$A$6:$A$10,1))),"")) | Q206: =IF(OR($B206="",$N206="",$O206="",$P206=""),"",'Konstanten'!$C$13*$O206*$P206^(1-($J206/1000)/0.075)*'Konstanten'!$C$14^'Konstanten'!$C$16*'Konstanten'!$C$15^'Konstanten'!$C$17*$N206) | R206: =IF(OR($B206="",$Q206=""),"",$E206+$Q206/'Grundeinstellungen'!$J$6) | S206: =IF($B206="","",IFERROR(VLOOKUP($M206,'Konstanten'!$H$6:$I$13,2,FALSE),29)) | T206: =IF(OR($B206="",$Q206=""),"",$Q206*$H206) | U206: =IF(OR($B206="",$T206=""),"",$T206-$F206) | V206: =IF(OR($B206="",$T206=""),"",IFERROR($T206/$F206,"")) | W206: =IF(OR($B206="",$H206=""),"",'Grundeinstellungen'!$J$13*$H206) | X206: =IF(OR($B206="",$T206=""),"",MIN($T206,$F206)+$W206) | Y206: =IF($B206="","",IFERROR($H206/($J206/1000),"")) | Z206: =IF($B206="","",IFERROR(2*$L206*$K206,"")) | AA206: =IF(OR($B206="",$Y206="",$Z206=""),"",$Y206+$Z206) | AB206: =IF(OR($B206="",$AA206=""),"",IFERROR($AA206/$K206,"")) | AC206: =IF(OR($B206="",$X206=""),"",IFERROR(($X206/$K206)/('Grundeinstellungen'!$C$16*('Grundeinstellungen'!$C$6-'Grundeinstellungen'!$C$7))*3600,"")) | AD206: =IF(OR($B206="",$AC206=""),"",$AC206/'Grundeinstellungen'!$C$15*1000) | AE206: =IF(OR($B206="",$AC206=""),"",IFERROR($AC206/3600/'Grundeinstellungen'!$C$15/'Grundeinstellungen'!$J$22,"")) | AF206: =IF(OR($B206="",$AE206=""),"",IFERROR($AE206*'Grundeinstellungen'!$J$21/'Grundeinstellungen'!$C$17,"")) | AG206: =IF(OR($B206="",$AF206=""),"",IF($AF206<2300,"laminar",IF($AF206<4000,"Übergangsbereich","turbulent"))) | AH206: =IF(OR($B206="",$AF206=""),"",IF($AF206<2300,64/$AF206,0.316/$AF206^0.25)) | AI206: =IF(OR($B206="",$AH206="",$AB206=""),"",IFERROR($AH206*($AB206/'Grundeinstellungen'!$J$21)*('Grundeinstellungen'!$C$15/2)*$AE206^2,"")) | AJ206: =IF(OR($B206="",$AI206="",$AB206=""),"",IFERROR($AI206/$AB206,"")) | AK206: =IF(OR($B206="",$AI206=""),"",$AI206*(1+'Grundeinstellungen'!$C$24)+'Grundeinstellungen'!$C$25)

Sheet Kontrolle
A1: Kontrolle / Auswertung
A2: ="Projekt-Nr.: "&'Grundeinstellungen'!$C$2 | D2: ="Bearbeiter: "&'Grundeinstellungen'!$M$2
A3: ="Projekt: "&'Grundeinstellungen'!$C$3
A5: Summen / Kennzahlen
A6: Anzahl Räume | B6: =COUNTA('Auslegung'!B7:B206) | C6: -
A7: Gesamte Heizlast | B7: =SUM('Auslegung'!F7:F206) | C7: W
A8: Gesamte FBH-Leistung (nach oben) | B8: =SUM('Auslegung'!T7:T206) | C8: W
A9: Verlustleistung nach unten | B9: =SUM('Auslegung'!W7:W206) | C9: W
A10: Maßgebliche Gesamtleistung (Hydraulik) | B10: =SUM('Auslegung'!X7:X206) | C10: W
A11: Deckungsgrad gesamt | B11: =IFERROR(B8/B7,0) | C11: %
A12: Gesamte Rohrlänge | B12: =SUM('Auslegung'!AA7:AA206) | C12: m
A13: Anzahl Heizkreise gesamt | B13: =SUM('Auslegung'!K7:K206) | C13: -
A14: Gesamtmassenstrom (Pumpe) | B14: =SUM('Auslegung'!AC7:AC206) | C14: kg/h
A15: Gesamtvolumenstrom (Pumpe) | B15: =SUM('Auslegung'!AD7:AD206) | C15: l/h
A16: Max. Druckverlust eines Kreises | B16: =IFERROR(MAX('Auslegung'!AK7:AK206),0) | C16: Pa
A17: Max. Strömungsgeschwindigkeit | B17: =IFERROR(MAX('Auslegung'!AE7:AE206),0) | C17: m/s
A19: Warnungen
A20: Räume unterdeckt | B20: =COUNTIF('Auslegung'!V7:V206,"<1") | C20: - | D20: Heizlast nicht gedeckt
A21: Kreise zu lang | B21: =COUNTIF('Auslegung'!AB7:AB206,">"&'Grundeinstellungen'!$C$11) | C21: - | D21: > max. Kreislänge
A22: Druckverlust über Warnschwelle | B22: =COUNTIF('Auslegung'!AK7:AK206,">"&'Grundeinstellungen'!$C$12) | C22: -
A23: Oberflächentemperatur zu hoch | B23: =SUMPRODUCT(('Auslegung'!R7:R206<>"")*('Auslegung'!R7:R206>'Auslegung'!S7:S206)) | C23: -
A24: Geschwindigkeit außerhalb v_min–v_max | B24: =SUMPRODUCT(('Auslegung'!AE7:AE206<>"")*(('Auslegung'!AE7:AE206<'Grundeinstellungen'!$C$20)+('Auslegung'!AE7:AE206>'Grundeinstellungen'!$C$21))) | C24: - | D24: Kreise
A25: Volumenstrom je Kreis zu hoch | B25: =COUNTIF('Auslegung'!AD7:AD206,">"&'Grundeinstellungen'!$C$22) | C25: - | D25: > max. Volumenstrom

Sheet HKV
A1: Heizkreisverteiler – Übersicht je HKV
A2: ="Projekt-Nr.: "&'Grundeinstellungen'!$C$2 | F2: ="Bearbeiter: "&'Grundeinstellungen'!$M$2
A3: ="Projekt: "&'Grundeinstellungen'!$C$3
A4: Heizkreisverteiler (HKV) | B4: Anzahl Kreise | C4: Spreizung [K] | D4: maßgebl. Leistung [W] | E4: Massenstrom [kg/h] | F4: Volumenstrom [l/h] | G4: max. Druckverlust [Pa] | H4: angebundene Räume (Raum-Nr.)
A5: {=IFERROR(INDEX('Auslegung'!$A$7:$A$206,MATCH(0,COUNTIF($A$4:$A4,'Auslegung'!$A$7:$A$206)+IF('Auslegung'!$A$7:$A$206="",1,0),0)),"")} | B5: =IF($A5="","",SUMIF('Auslegung'!$A$7:$A$206,$A5,'Auslegung'!$K$7:$K$206)) | C5: =IF($A5="","",'Grundeinstellungen'!$C$6-'Grundeinstellungen'!$C$7) | D5: =IF($A5="","",SUMIF('Auslegung'!$A$7:$A$206,$A5,'Auslegung'!$X$7:$X$206)) | E5: =IF($A5="","",SUMIF('Auslegung'!$A$7:$A$206,$A5,'Auslegung'!$AC$7:$AC$206)) | F5: =IF($A5="","",SUMIF('Auslegung'!$A$7:$A$206,$A5,'Auslegung'!$AD$7:$AD$206)) | G5: {=IF($A5="","",MAX(IF('Auslegung'!$A$7:$A$206=$A5,'Auslegung'!$AK$7:$AK$206)))} | H5: {=IF($A5="","",_xlfn.TEXTJOIN(", ",TRUE,IF('Auslegung'!$A$7:$A$206=$A5,'Auslegung'!$B$7:$B$206,"")))}
A6: {=IFERROR(INDEX('Auslegung'!$A$7:$A$206,MATCH(0,COUNTIF($A$4:$A5,'Auslegung'!$A$7:$A$206)+IF('Auslegung'!$A$7:$A$206="",1,0),0)),"")} | B6: =IF($A6="","",SUMIF('Auslegung'!$A$7:$A$206,$A6,'Auslegung'!$K$7:$K$206)) | C6: =IF($A6="","",'Grundeinstellungen'!$C$6-'Grundeinstellungen'!$C$7) | D6: =IF($A6="","",SUMIF('Auslegung'!$A$7:$A$206,$A6,'Auslegung'!$X$7:$X$206)) | E6: =IF($A6="","",SUMIF('Auslegung'!$A$7:$A$206,$A6,'Auslegung'!$AC$7:$AC$206)) | F6: =IF($A6="","",SUMIF('Auslegung'!$A$7:$A$206,$A6,'Auslegung'!$AD$7:$AD$206)) | G6: {=IF($A6="","",MAX(IF('Auslegung'!$A$7:$A$206=$A6,'Auslegung'!$AK$7:$AK$206)))} | H6: {=IF($A6="","",_xlfn.TEXTJOIN(", ",TRUE,IF('Auslegung'!$A$7:$A$206=$A6,'Auslegung'!$B$7:$B$206,"")))}
A7: {=IFERROR(INDEX('Auslegung'!$A$7:$A$206,MATCH(0,COUNTIF($A$4:$A6,'Auslegung'!$A$7:$A$206)+IF('Auslegung'!$A$7:$A$206="",1,0),0)),"")} | B7: =IF($A7="","",SUMIF('Auslegung'!$A$7:$A$206,$A7,'Auslegung'!$K$7:$K$206)) | C7: =IF($A7="","",'Grundeinstellungen'!$C$6-'Grundeinstellungen'!$C$7) | D7: =IF($A7="","",SUMIF('Auslegung'!$A$7:$A$206,$A7,'Auslegung'!$X$7:$X$206)) | E7: =IF($A7="","",SUMIF('Auslegung'!$A$7:$A$206,$A7,'Auslegung'!$AC$7:$AC$206)) | F7: =IF($A7="","",SUMIF('Auslegung'!$A$7:$A$206,$A7,'Auslegung'!$AD$7:$AD$206)) | G7: {=IF($A7="","",MAX(IF('Auslegung'!$A$7:$A$206=$A7,'Auslegung'!$AK$7:$AK$206)))} | H7: {=IF($A7="","",_xlfn.TEXTJOIN(", ",TRUE,IF('Auslegung'!$A$7:$A$206=$A7,'Auslegung'!$B$7:$B$206,"")))}
A8: {=IFERROR(INDEX('Auslegung'!$A$7:$A$206,MATCH(0,COUNTIF($A$4:$A7,'Auslegung'!$A$7:$A$206)+IF('Auslegung'!$A$7:$A$206="",1,0),0)),"")} | B8: =IF($A8="","",SUMIF('Auslegung'!$A$7:$A$206,$A8,'Auslegung'!$K$7:$K$206)) | C8: =IF($A8="","",'Grundeinstellungen'!$C$6-'Grundeinstellungen'!$C$7) | D8: =IF($A8="","",SUMIF('Auslegung'!$A$7:$A$206,$A8,'Auslegung'!$X$7:$X$206)) | E8: =IF($A8="","",SUMIF('Auslegung'!$A$7:$A$206,$A8,'Auslegung'!$AC$7:$AC$206)) | F8: =IF($A8="","",SUMIF('Auslegung'!$A$7:$A$206,$A8,'Auslegung'!$AD$7:$AD$206)) | G8: {=IF($A8="","",MAX(IF('Auslegung'!$A$7:$A$206=$A8,'Auslegung'!$AK$7:$AK$206)))} | H8: {=IF($A8="","",_xlfn.TEXTJOIN(", ",TRUE,IF('Auslegung'!$A$7:$A$206=$A8,'Auslegung'!$B$7:$B$206,"")))}
A9: {=IFERROR(INDEX('Auslegung'!$A$7:$A$206,MATCH(0,COUNTIF($A$4:$A8,'Auslegung'!$A$7:$A$206)+IF('Auslegung'!$A$7:$A$206="",1,0),0)),"")} | B9: =IF($A9="","",SUMIF('Auslegung'!$A$7:$A$206,$A9,'Auslegung'!$K$7:$K$206)) | C9: =IF($A9="","",'Grundeinstellungen'!$C$6-'Grundeinstellungen'!$C$7) | D9: =IF($A9="","",SUMIF('Auslegung'!$A$7:$A$206,$A9,'Auslegung'!$X$7:$X$206)) | E9: =IF($A9="","",SUMIF('Auslegung'!$A$7:$A$206,$A9,'Auslegung'!$AC$7:$AC$206)) | F9: =IF($A9="","",SUMIF('Auslegung'!$A$7:$A$206,$A9,'Auslegung'!$AD$7:$AD$206)) | G9: {=IF($A9="","",MAX(IF('Auslegung'!$A$7:$A$206=$A9,'Auslegung'!$AK$7:$AK$206)))} | H9: {=IF($A9="","",_xlfn.TEXTJOIN(", ",TRUE,IF('Auslegung'!$A$7:$A$206=$A9,'Auslegung'!$B$7:$B$206,"")))}
A10: {=IFERROR(INDEX('Auslegung'!$A$7:$A$206,MATCH(0,COUNTIF($A$4:$A9,'Auslegung'!$A$7:$A$206)+IF('Auslegung'!$A$7:$A$206="",1,0),0)),"")} | B10: =IF($A10="","",SUMIF('Auslegung'!$A$7:$A$206,$A10,'Auslegung'!$K$7:$K$206)) | C10: =IF($A10="","",'Grundeinstellungen'!$C$6-'Grundeinstellungen'!$C$7) | D10: =IF($A10="","",SUMIF('Auslegung'!$A$7:$A$206,$A10,'Auslegung'!$X$7:$X$206)) | E10: =IF($A10="","",SUMIF('Auslegung'!$A$7:$A$206,$A10,'Auslegung'!$AC$7:$AC$206)) | F10: =IF($A10="","",SUMIF('Auslegung'!$A$7:$A$206,$A10,'Auslegung'!$AD$7:$AD$206)) | G10: {=IF($A10="","",MAX(IF('Auslegung'!$A$7:$A$206=$A10,'Auslegung'!$AK$7:$AK$206)))} | H10: {=IF($A10="","",_xlfn.TEXTJOIN(", ",TRUE,IF('Auslegung'!$A$7:$A$206=$A10,'Auslegung'!$B$7:$B$206,"")))}
A11: {=IFERROR(INDEX('Auslegung'!$A$7:$A$206,MATCH(0,COUNTIF($A$4:$A10,'Auslegung'!$A$7:$A$206)+IF('Auslegung'!$A$7:$A$206="",1,0),0)),"")} | B11: =IF($A11="","",SUMIF('Auslegung'!$A$7:$A$206,$A11,'Auslegung'!$K$7:$K$206)) | C11: =IF($A11="","",'Grundeinstellungen'!$C$6-'Grundeinstellungen'!$C$7) | D11: =IF($A11="","",SUMIF('Auslegung'!$A$7:$A$206,$A11,'Auslegung'!$X$7:$X$206)) | E11: =IF($A11="","",SUMIF('Auslegung'!$A$7:$A$206,$A11,'Auslegung'!$AC$7:$AC$206)) | F11: =IF($A11="","",SUMIF('Auslegung'!$A$7:$A$206,$A11,'Auslegung'!$AD$7:$AD$206)) | G11: {=IF($A11="","",MAX(IF('Auslegung'!$A$7:$A$206=$A11,'Auslegung'!$AK$7:$AK$206)))} | H11: {=IF($A11="","",_xlfn.TEXTJOIN(", ",TRUE,IF('Auslegung'!$A$7:$A$206=$A11,'Auslegung'!$B$7:$B$206,"")))}
A12: {=IFERROR(INDEX('Auslegung'!$A$7:$A$206,MATCH(0,COUNTIF($A$4:$A11,'Auslegung'!$A$7:$A$206)+IF('Auslegung'!$A$7:$A$206="",1,0),0)),"")} | B12: =IF($A12="","",SUMIF('Auslegung'!$A$7:$A$206,$A12,'Auslegung'!$K$7:$K$206)) | C12: =IF($A12="","",'Grundeinstellungen'!$C$6-'Grundeinstellungen'!$C$7) | D12: =IF($A12="","",SUMIF('Auslegung'!$A$7:$A$206,$A12,'Auslegung'!$X$7:$X$206)) | E12: =IF($A12="","",SUMIF('Auslegung'!$A$7:$A$206,$A12,'Auslegung'!$AC$7:$AC$206)) | F12: =IF($A12="","",SUMIF('Auslegung'!$A$7:$A$206,$A12,'Auslegung'!$AD$7:$AD$206)) | G12: {=IF($A12="","",MAX(IF('Auslegung'!$A$7:$A$206=$A12,'Auslegung'!$AK$7:$AK$206)))} | H12: {=IF($A12="","",_xlfn.TEXTJOIN(", ",TRUE,IF('Auslegung'!$A$7:$A$206=$A12,'Auslegung'!$B$7:$B$206,"")))}
A13: {=IFERROR(INDEX('Auslegung'!$A$7:$A$206,MATCH(0,COUNTIF($A$4:$A12,'Auslegung'!$A$7:$A$206)+IF('Auslegung'!$A$7:$A$206="",1,0),0)),"")} | B13: =IF($A13="","",SUMIF('Auslegung'!$A$7:$A$206,$A13,'Auslegung'!$K$7:$K$206)) | C13: =IF($A13="","",'Grundeinstellungen'!$C$6-'Grundeinstellungen'!$C$7) | D13: =IF($A13="","",SUMIF('Auslegung'!$A$7:$A$206,$A13,'Auslegung'!$X$7:$X$206)) | E13: =IF($A13="","",SUMIF('Auslegung'!$A$7:$A$206,$A13,'Auslegung'!$AC$7:$AC$206)) | F13: =IF($A13="","",SUMIF('Auslegung'!$A$7:$A$206,$A13,'Auslegung'!$AD$7:$AD$206)) | G13: {=IF($A13="","",MAX(IF('Auslegung'!$A$7:$A$206=$A13,'Auslegung'!$AK$7:$AK$206)))} | H13: {=IF($A13="","",_xlfn.TEXTJOIN(", ",TRUE,IF('Auslegung'!$A$7:$A$206=$A13,'Auslegung'!$B$7:$B$206,"")))}
A14: {=IFERROR(INDEX('Auslegung'!$A$7:$A$206,MATCH(0,COUNTIF($A$4:$A13,'Auslegung'!$A$7:$A$206)+IF('Auslegung'!$A$7:$A$206="",1,0),0)),"")} | B14: =IF($A14="","",SUMIF('Auslegung'!$A$7:$A$206,$A14,'Auslegung'!$K$7:$K$206)) | C14: =IF($A14="","",'Grundeinstellungen'!$C$6-'Grundeinstellungen'!$C$7) | D14: =IF($A14="","",SUMIF('Auslegung'!$A$7:$A$206,$A14,'Auslegung'!$X$7:$X$206)) | E14: =IF($A14="","",SUMIF('Auslegung'!$A$7:$A$206,$A14,'Auslegung'!$AC$7:$AC$206)) | F14: =IF($A14="","",SUMIF('Auslegung'!$A$7:$A$206,$A14,'Auslegung'!$AD$7:$AD$206)) | G14: {=IF($A14="","",MAX(IF('Auslegung'!$A$7:$A$206=$A14,'Auslegung'!$AK$7:$AK$206)))} | H14: {=IF($A14="","",_xlfn.TEXTJOIN(", ",TRUE,IF('Auslegung'!$A$7:$A$206=$A14,'Auslegung'!$B$7:$B$206,"")))}
A15: {=IFERROR(INDEX('Auslegung'!$A$7:$A$206,MATCH(0,COUNTIF($A$4:$A14,'Auslegung'!$A$7:$A$206)+IF('Auslegung'!$A$7:$A$206="",1,0),0)),"")} | B15: =IF($A15="","",SUMIF('Auslegung'!$A$7:$A$206,$A15,'Auslegung'!$K$7:$K$206)) | C15: =IF($A15="","",'Grundeinstellungen'!$C$6-'Grundeinstellungen'!$C$7) | D15: =IF($A15="","",SUMIF('Auslegung'!$A$7:$A$206,$A15,'Auslegung'!$X$7:$X$206)) | E15: =IF($A15="","",SUMIF('Auslegung'!$A$7:$A$206,$A15,'Auslegung'!$AC$7:$AC$206)) | F15: =IF($A15="","",SUMIF('Auslegung'!$A$7:$A$206,$A15,'Auslegung'!$AD$7:$AD$206)) | G15: {=IF($A15="","",MAX(IF('Auslegung'!$A$7:$A$206=$A15,'Auslegung'!$AK$7:$AK$206)))} | H15: {=IF($A15="","",_xlfn.TEXTJOIN(", ",TRUE,IF('Auslegung'!$A$7:$A$206=$A15,'Auslegung'!$B$7:$B$206,"")))}
A16: {=IFERROR(INDEX('Auslegung'!$A$7:$A$206,MATCH(0,COUNTIF($A$4:$A15,'Auslegung'!$A$7:$A$206)+IF('Auslegung'!$A$7:$A$206="",1,0),0)),"")} | B16: =IF($A16="","",SUMIF('Auslegung'!$A$7:$A$206,$A16,'Auslegung'!$K$7:$K$206)) | C16: =IF($A16="","",'Grundeinstellungen'!$C$6-'Grundeinstellungen'!$C$7) | D16: =IF($A16="","",SUMIF('Auslegung'!$A$7:$A$206,$A16,'Auslegung'!$X$7:$X$206)) | E16: =IF($A16="","",SUMIF('Auslegung'!$A$7:$A$206,$A16,'Auslegung'!$AC$7:$AC$206)) | F16: =IF($A16="","",SUMIF('Auslegung'!$A$7:$A$206,$A16,'Auslegung'!$AD$7:$AD$206)) | G16: {=IF($A16="","",MAX(IF('Auslegung'!$A$7:$A$206=$A16,'Auslegung'!$AK$7:$AK$206)))} | H16: {=IF($A16="","",_xlfn.TEXTJOIN(", ",TRUE,IF('Auslegung'!$A$7:$A$206=$A16,'Auslegung'!$B$7:$B$206,"")))}
... A54: {=IFERROR(INDEX('Auslegung'!$A$7:$A$206,MATCH(0,COUNTIF($A$4:$A53,'Auslegung'!$A$7:$A$206)+IF('Auslegung'!$A$7:$A$206="",1,0),0)),"")} | B54: =IF($A54="","",SUMIF('Auslegung'!$A$7:$A$206,$A54,'Auslegung'!$K$7:$K$206)) | C54: =IF($A54="","",'Grundeinstellungen'!$C$6-'Grundeinstellungen'!$C$7) | D54: =IF($A54="","",SUMIF('Auslegung'!$A$7:$A$206,$A54,'Auslegung'!$X$7:$X$206)) | E54: =IF($A54="","",SUMIF('Auslegung'!$A$7:$A$206,$A54,'Auslegung'!$AC$7:$AC$206)) | F54: =IF($A54="","",SUMIF('Auslegung'!$A$7:$A$206,$A54,'Auslegung'!$AD$7:$AD$206)) | G54: {=IF($A54="","",MAX(IF('Auslegung'!$A$7:$A$206=$A54,'Auslegung'!$AK$7:$AK$206)))} | H54: {=IF($A54="","",_xlfn.TEXTJOIN(", ",TRUE,IF('Auslegung'!$A$7:$A$206=$A54,'Auslegung'!$B$7:$B$206,"")))}
A56: Baut sich automatisch aus der Auslegung auf (Array-Formeln, Excel & LibreOffice).

Sheet Verifikation
A1: Verifikation – EN-1264-Berechnung vs. Herstellerdaten
A2: ="Projekt-Nr.: "&'Grundeinstellungen'!$C$2
A3: ="Projekt: "&'Grundeinstellungen'!$C$3
A5: Berechnung nach DIN EN 1264 (Bauart A): je Auslegungspunkt wird die Wärmestromdichte q aus B, a_B, a_T, a_ü, a_D und ΔθH ermittelt und mit dem Hersteller-/Referenzwert verglichen.
A6: Verglichen wird die spezifische Heizleistung NACH OBEN (Wärmestrom zur Raumseite). Die Wärmeabgabe nach unten ist hier bewusst NICHT enthalten – wie in den Hersteller-/EN-1264-Kennwerten.
A8: Verlege- abstand [mm] | B8: θV [°C] | C8: θR [°C] | D8: θi [°C] | E8: R-Wert [m²K/W] | F8: Hersteller q nach oben [W/m²] | G8: q berechnet EN 1264 [W/m²] | H8: Abweichung [W/m²] | I8: Abweichung [%] | J8: ΔθH [K] | K8: a_B [-] | L8: a_T [-]
A9: 300 | B9: 38 | C9: 30 | D9: 21 | E9: 0.125 | F9: 30 | G9: =IF(OR($A9="",$J9="",$K9="",$L9=""),"",'Konstanten'!$C$13*$K9*$L9^(1-($A9/1000)/0.075)*'Konstanten'!$C$14^'Konstanten'!$C$16*'Konstanten'!$C$15^'Konstanten'!$C$17*$J9) | H9: =IF(OR($A9="",$F9=""),"",$F9-$G9) | I9: =IF(OR($A9="",$F9=""),"",IFERROR(($F9-$G9)/$G9,"")) | J9: =IF($A9="","",IFERROR(($B9-$C9)/LN(($B9-$D9)/($C9-$D9)),"")) | K9: =IF($A9="","",IFERROR(IFERROR(INDEX('Konstanten'!$B$6:$B$10,MATCH($E9,'Konstanten'!$A$6:$A$10,1))+($E9-INDEX('Konstanten'!$A$6:$A$10,MATCH($E9,'Konstanten'!$A$6:$A$10,1)))/(INDEX('Konstanten'!$A$6:$A$10,MATCH($E9,'Konstanten'!$A$6:$A$10,1)+1)-INDEX('Konstanten'!$A$6:$A$10,MATCH($E9,'Konstanten'!$A$6:$A$10,1)))*(INDEX('Konstanten'!$B$6:$B$10,MATCH($E9,'Konstanten'!$A$6:$A$10,1)+1)-INDEX('Konstanten'!$B$6:$B$10,MATCH($E9,'Konstanten'!$A$6:$A$10,1))),INDEX('Konstanten'!$B$6:$B$10,MATCH($E9,'Konstanten'!$A$6:$A$10,1))),"")) | L9: =IF($A9="","",IFERROR(IFERROR(INDEX('Konstanten'!$C$6:$C$10,MATCH($E9,'Konstanten'!$A$6:$A$10,1))+($E9-INDEX('Konstanten'!$A$6:$A$10,MATCH($E9,'Konstanten'!$A$6:$A$10,1)))/(INDEX('Konstanten'!$A$6:$A$10,MATCH($E9,'Konstanten'!$A$6:$A$10,1)+1)-INDEX('Konstanten'!$A$6:$A$10,MATCH($E9,'Konstanten'!$A$6:$A$10,1)))*(INDEX('Konstanten'!$C$6:$C$10,MATCH($E9,'Konstanten'!$A$6:$A$10,1)+1)-INDEX('Konstanten'!$C$6:$C$10,MATCH($E9,'Konstanten'!$A$6:$A$10,1))),INDEX('Konstanten'!$C$6:$C$10,MATCH($E9,'Konstanten'!$A$6:$A$10,1))),""))
A10: 250 | B10: 38 | C10: 30 | D10: 21 | E10: 0.125 | F10: 33 | G10: =IF(OR($A10="",$J10="",$K10="",$L10=""),"",'Konstanten'!$C$13*$K10*$L10^(1-($A10/1000)/0.075)*'Konstanten'!$C$14^'Konstanten'!$C$16*'Konstanten'!$C$15^'Konstanten'!$C$17*$J10) | H10: =IF(OR($A10="",$F10=""),"",$F10-$G10) | I10: =IF(OR($A10="",$F10=""),"",IFERROR(($F10-$G10)/$G10,"")) | J10: =IF($A10="","",IFERROR(($B10-$C10)/LN(($B10-$D10)/($C10-$D10)),"")) | K10: =IF($A10="","",IFERROR(IFERROR(INDEX('Konstanten'!$B$6:$B$10,MATCH($E10,'Konstanten'!$A$6:$A$10,1))+($E10-INDEX('Konstanten'!$A$6:$A$10,MATCH($E10,'Konstanten'!$A$6:$A$10,1)))/(INDEX('Konstanten'!$A$6:$A$10,MATCH($E10,'Konstanten'!$A$6:$A$10,1)+1)-INDEX('Konstanten'!$A$6:$A$10,MATCH($E10,'Konstanten'!$A$6:$A$10,1)))*(INDEX('Konstanten'!$B$6:$B$10,MATCH($E10,'Konstanten'!$A$6:$A$10,1)+1)-INDEX('Konstanten'!$B$6:$B$10,MATCH($E10,'Konstanten'!$A$6:$A$10,1))),INDEX('Konstanten'!$B$6:$B$10,MATCH($E10,'Konstanten'!$A$6:$A$10,1))),"")) | L10: =IF($A10="","",IFERROR(IFERROR(INDEX('Konstanten'!$C$6:$C$10,MATCH($E10,'Konstanten'!$A$6:$A$10,1))+($E10-INDEX('Konstanten'!$A$6:$A$10,MATCH($E10,'Konstanten'!$A$6:$A$10,1)))/(INDEX('Konstanten'!$A$6:$A$10,MATCH($E10,'Konstanten'!$A$6:$A$10,1)+1)-INDEX('Konstanten'!$A$6:$A$10,MATCH($E10,'Konstanten'!$A$6:$A$10,1)))*(INDEX('Konstanten'!$C$6:$C$10,MATCH($E10,'Konstanten'!$A$6:$A$10,1)+1)-INDEX('Konstanten'!$C$6:$C$10,MATCH($E10,'Konstanten'!$A$6:$A$10,1))),INDEX('Konstanten'!$C$6:$C$10,MATCH($E10,'Konstanten'!$A$6:$A$10,1))),""))
A11: 200 | B11: 38 | C11: 30 | D11: 21 | E11: 0.125 | F11: 36 | G11: =IF(OR($A11="",$J11="",$K11="",$L11=""),"",'Konstanten'!$C$13*$K11*$L11^(1-($A11/1000)/0.075)*'Konstanten'!$C$14^'Konstanten'!$C$16*'Konstanten'!$C$15^'Konstanten'!$C$17*$J11) | H11: =IF(OR($A11="",$F11=""),"",$F11-$G11) | I11: =IF(OR($A11="",$F11=""),"",IFERROR(($F11-$G11)/$G11,"")) | J11: =IF($A11="","",IFERROR(($B11-$C11)/LN(($B11-$D11)/($C11-$D11)),"")) | K11: =IF($A11="","",IFERROR(IFERROR(INDEX('Konstanten'!$B$6:$B$10,MATCH($E11,'Konstanten'!$A$6:$A$10,1))+($E11-INDEX('Konstanten'!$A$6:$A$10,MATCH($E11,'Konstanten'!$A$6:$A$10,1)))/(INDEX('Konstanten'!$A$6:$A$10,MATCH($E11,'Konstanten'!$A$6:$A$10,1)+1)-INDEX('Konstanten'!$A$6:$A$10,MATCH($E11,'Konstanten'!$A$6:$A$10,1)))*(INDEX('Konstanten'!$B$6:$B$10,MATCH($E11,'Konstanten'!$A$6:$A$10,1)+1)-INDEX('Konstanten'!$B$6:$B$10,MATCH($E11,'Konstanten'!$A$6:$A$10,1))),INDEX('Konstanten'!$B$6:$B$10,MATCH($E11,'Konstanten'!$A$6:$A$10,1))),"")) | L11: =IF($A11="","",IFERROR(IFERROR(INDEX('Konstanten'!$C$6:$C$10,MATCH($E11,'Konstanten'!$A$6:$A$10,1))+($E11-INDEX('Konstanten'!$A$6:$A$10,MATCH($E11,'Konstanten'!$A$6:$A$10,1)))/(INDEX('Konstanten'!$A$6:$A$10,MATCH($E11,'Konstanten'!$A$6:$A$10,1)+1)-INDEX('Konstanten'!$A$6:$A$10,MATCH($E11,'Konstanten'!$A$6:$A$10,1)))*(INDEX('Konstanten'!$C$6:$C$10,MATCH($E11,'Konstanten'!$A$6:$A$10,1)+1)-INDEX('Konstanten'!$C$6:$C$10,MATCH($E11,'Konstanten'!$A$6:$A$10,1))),INDEX('Konstanten'!$C$6:$C$10,MATCH($E11,'Konstanten'!$A$6:$A$10,1))),""))
A12: 150 | B12: 38 | C12: 30 | D12: 21 | E12: 0.125 | F12: 40 | G12: =IF(OR($A12="",$J12="",$K12="",$L12=""),"",'Konstanten'!$C$13*$K12*$L12^(1-($A12/1000)/0.075)*'Konstanten'!$C$14^'Konstanten'!$C$16*'Konstanten'!$C$15^'Konstanten'!$C$17*$J12) | H12: =IF(OR($A12="",$F12=""),"",$F12-$G12) | I12: =IF(OR($A12="",$F12=""),"",IFERROR(($F12-$G12)/$G12,"")) | J12: =IF($A12="","",IFERROR(($B12-$C12)/LN(($B12-$D12)/($C12-$D12)),"")) | K12: =IF($A12="","",IFERROR(IFERROR(INDEX('Konstanten'!$B$6:$B$10,MATCH($E12,'Konstanten'!$A$6:$A$10,1))+($E12-INDEX('Konstanten'!$A$6:$A$10,MATCH($E12,'Konstanten'!$A$6:$A$10,1)))/(INDEX('Konstanten'!$A$6:$A$10,MATCH($E12,'Konstanten'!$A$6:$A$10,1)+1)-INDEX('Konstanten'!$A$6:$A$10,MATCH($E12,'Konstanten'!$A$6:$A$10,1)))*(INDEX('Konstanten'!$B$6:$B$10,MATCH($E12,'Konstanten'!$A$6:$A$10,1)+1)-INDEX('Konstanten'!$B$6:$B$10,MATCH($E12,'Konstanten'!$A$6:$A$10,1))),INDEX('Konstanten'!$B$6:$B$10,MATCH($E12,'Konstanten'!$A$6:$A$10,1))),"")) | L12: =IF($A12="","",IFERROR(IFERROR(INDEX('Konstanten'!$C$6:$C$10,MATCH($E12,'Konstanten'!$A$6:$A$10,1))+($E12-INDEX('Konstanten'!$A$6:$A$10,MATCH($E12,'Konstanten'!$A$6:$A$10,1)))/(INDEX('Konstanten'!$A$6:$A$10,MATCH($E12,'Konstanten'!$A$6:$A$10,1)+1)-INDEX('Konstanten'!$A$6:$A$10,MATCH($E12,'Konstanten'!$A$6:$A$10,1)))*(INDEX('Konstanten'!$C$6:$C$10,MATCH($E12,'Konstanten'!$A$6:$A$10,1)+1)-INDEX('Konstanten'!$C$6:$C$10,MATCH($E12,'Konstanten'!$A$6:$A$10,1))),INDEX('Konstanten'!$C$6:$C$10,MATCH($E12,'Konstanten'!$A$6:$A$10,1))),""))
A13: 100 | B13: 38 | C13: 30 | D13: 21 | E13: 0.125 | F13: 44 | G13: =IF(OR($A13="",$J13="",$K13="",$L13=""),"",'Konstanten'!$C$13*$K13*$L13^(1-($A13/1000)/0.075)*'Konstanten'!$C$14^'Konstanten'!$C$16*'Konstanten'!$C$15^'Konstanten'!$C$17*$J13) | H13: =IF(OR($A13="",$F13=""),"",$F13-$G13) | I13: =IF(OR($A13="",$F13=""),"",IFERROR(($F13-$G13)/$G13,"")) | J13: =IF($A13="","",IFERROR(($B13-$C13)/LN(($B13-$D13)/($C13-$D13)),"")) | K13: =IF($A13="","",IFERROR(IFERROR(INDEX('Konstanten'!$B$6:$B$10,MATCH($E13,'Konstanten'!$A$6:$A$10,1))+($E13-INDEX('Konstanten'!$A$6:$A$10,MATCH($E13,'Konstanten'!$A$6:$A$10,1)))/(INDEX('Konstanten'!$A$6:$A$10,MATCH($E13,'Konstanten'!$A$6:$A$10,1)+1)-INDEX('Konstanten'!$A$6:$A$10,MATCH($E13,'Konstanten'!$A$6:$A$10,1)))*(INDEX('Konstanten'!$B$6:$B$10,MATCH($E13,'Konstanten'!$A$6:$A$10,1)+1)-INDEX('Konstanten'!$B$6:$B$10,MATCH($E13,'Konstanten'!$A$6:$A$10,1))),INDEX('Konstanten'!$B$6:$B$10,MATCH($E13,'Konstanten'!$A$6:$A$10,1))),"")) | L13: =IF($A13="","",IFERROR(IFERROR(INDEX('Konstanten'!$C$6:$C$10,MATCH($E13,'Konstanten'!$A$6:$A$10,1))+($E13-INDEX('Konstanten'!$A$6:$A$10,MATCH($E13,'Konstanten'!$A$6:$A$10,1)))/(INDEX('Konstanten'!$A$6:$A$10,MATCH($E13,'Konstanten'!$A$6:$A$10,1)+1)-INDEX('Konstanten'!$A$6:$A$10,MATCH($E13,'Konstanten'!$A$6:$A$10,1)))*(INDEX('Konstanten'!$C$6:$C$10,MATCH($E13,'Konstanten'!$A$6:$A$10,1)+1)-INDEX('Konstanten'!$C$6:$C$10,MATCH($E13,'Konstanten'!$A$6:$A$10,1))),INDEX('Konstanten'!$C$6:$C$10,MATCH($E13,'Konstanten'!$A$6:$A$10,1))),""))
A14: 50 | B14: 38 | C14: 30 | D14: 21 | E14: 0.125 | F14: 49 | G14: =IF(OR($A14="",$J14="",$K14="",$L14=""),"",'Konstanten'!$C$13*$K14*$L14^(1-($A14/1000)/0.075)*'Konstanten'!$C$14^'Konstanten'!$C$16*'Konstanten'!$C$15^'Konstanten'!$C$17*$J14) | H14: =IF(OR($A14="",$F14=""),"",$F14-$G14) | I14: =IF(OR($A14="",$F14=""),"",IFERROR(($F14-$G14)/$G14,"")) | J14: =IF($A14="","",IFERROR(($B14-$C14)/LN(($B14-$D14)/($C14-$D14)),"")) | K14: =IF($A14="","",IFERROR(IFERROR(INDEX('Konstanten'!$B$6:$B$10,MATCH($E14,'Konstanten'!$A$6:$A$10,1))+($E14-INDEX('Konstanten'!$A$6:$A$10,MATCH($E14,'Konstanten'!$A$6:$A$10,1)))/(INDEX('Konstanten'!$A$6:$A$10,MATCH($E14,'Konstanten'!$A$6:$A$10,1)+1)-INDEX('Konstanten'!$A$6:$A$10,MATCH($E14,'Konstanten'!$A$6:$A$10,1)))*(INDEX('Konstanten'!$B$6:$B$10,MATCH($E14,'Konstanten'!$A$6:$A$10,1)+1)-INDEX('Konstanten'!$B$6:$B$10,MATCH($E14,'Konstanten'!$A$6:$A$10,1))),INDEX('Konstanten'!$B$6:$B$10,MATCH($E14,'Konstanten'!$A$6:$A$10,1))),"")) | L14: =IF($A14="","",IFERROR(IFERROR(INDEX('Konstanten'!$C$6:$C$10,MATCH($E14,'Konstanten'!$A$6:$A$10,1))+($E14-INDEX('Konstanten'!$A$6:$A$10,MATCH($E14,'Konstanten'!$A$6:$A$10,1)))/(INDEX('Konstanten'!$A$6:$A$10,MATCH($E14,'Konstanten'!$A$6:$A$10,1)+1)-INDEX('Konstanten'!$A$6:$A$10,MATCH($E14,'Konstanten'!$A$6:$A$10,1)))*(INDEX('Konstanten'!$C$6:$C$10,MATCH($E14,'Konstanten'!$A$6:$A$10,1)+1)-INDEX('Konstanten'!$C$6:$C$10,MATCH($E14,'Konstanten'!$A$6:$A$10,1))),INDEX('Konstanten'!$C$6:$C$10,MATCH($E14,'Konstanten'!$A$6:$A$10,1))),""))
A15: 300 | B15: 45 | C15: 35 | D15: 15 | E15: 0.05 | F15: 74 | G15: =IF(OR($A15="",$J15="",$K15="",$L15=""),"",'Konstanten'!$C$13*$K15*$L15^(1-($A15/1000)/0.075)*'Konstanten'!$C$14^'Konstanten'!$C$16*'Konstanten'!$C$15^'Konstanten'!$C$17*$J15) | H15: =IF(OR($A15="",$F15=""),"",$F15-$G15) | I15: =IF(OR($A15="",$F15=""),"",IFERROR(($F15-$G15)/$G15,"")) | J15: =IF($A15="","",IFERROR(($B15-$C15)/LN(($B15-$D15)/($C15-$D15)),"")) | K15: =IF($A15="","",IFERROR(IFERROR(INDEX('Konstanten'!$B$6:$B$10,MATCH($E15,'Konstanten'!$A$6:$A$10,1))+($E15-INDEX('Konstanten'!$A$6:$A$10,MATCH($E15,'Konstanten'!$A$6:$A$10,1)))/(INDEX('Konstanten'!$A$6:$A$10,MATCH($E15,'Konstanten'!$A$6:$A$10,1)+1)-INDEX('Konstanten'!$A$6:$A$10,MATCH($E15,'Konstanten'!$A$6:$A$10,1)))*(INDEX('Konstanten'!$B$6:$B$10,MATCH($E15,'Konstanten'!$A$6:$A$10,1)+1)-INDEX('Konstanten'!$B$6:$B$10,MATCH($E15,'Konstanten'!$A$6:$A$10,1))),INDEX('Konstanten'!$B$6:$B$10,MATCH($E15,'Konstanten'!$A$6:$A$10,1))),"")) | L15: =IF($A15="","",IFERROR(IFERROR(INDEX('Konstanten'!$C$6:$C$10,MATCH($E15,'Konstanten'!$A$6:$A$10,1))+($E15-INDEX('Konstanten'!$A$6:$A$10,MATCH($E15,'Konstanten'!$A$6:$A$10,1)))/(INDEX('Konstanten'!$A$6:$A$10,MATCH($E15,'Konstanten'!$A$6:$A$10,1)+1)-INDEX('Konstanten'!$A$6:$A$10,MATCH($E15,'Konstanten'!$A$6:$A$10,1)))*(INDEX('Konstanten'!$C$6:$C$10,MATCH($E15,'Konstanten'!$A$6:$A$10,1)+1)-INDEX('Konstanten'!$C$6:$C$10,MATCH($E15,'Konstanten'!$A$6:$A$10,1))),INDEX('Konstanten'!$C$6:$C$10,MATCH($E15,'Konstanten'!$A$6:$A$10,1))),""))
A16: 250 | B16: 45 | C16: 35 | D16: 15 | E16: 0.05 | F16: 83 | G16: =IF(OR($A16="",$J16="",$K16="",$L16=""),"",'Konstanten'!$C$13*$K16*$L16^(1-($A16/1000)/0.075)*'Konstanten'!$C$14^'Konstanten'!$C$16*'Konstanten'!$C$15^'Konstanten'!$C$17*$J16) | H16: =IF(OR($A16="",$F16=""),"",$F16-$G16) | I16: =IF(OR($A16="",$F16=""),"",IFERROR(($F16-$G16)/$G16,"")) | J16: =IF($A16="","",IFERROR(($B16-$C16)/LN(($B16-$D16)/($C16-$D16)),"")) | K16: =IF($A16="","",IFERROR(IFERROR(INDEX('Konstanten'!$B$6:$B$10,MATCH($E16,'Konstanten'!$A$6:$A$10,1))+($E16-INDEX('Konstanten'!$A$6:$A$10,MATCH($E16,'Konstanten'!$A$6:$A$10,1)))/(INDEX('Konstanten'!$A$6:$A$10,MATCH($E16,'Konstanten'!$A$6:$A$10,1)+1)-INDEX('Konstanten'!$A$6:$A$10,MATCH($E16,'Konstanten'!$A$6:$A$10,1)))*(INDEX('Konstanten'!$B$6:$B$10,MATCH($E16,'Konstanten'!$A$6:$A$10,1)+1)-INDEX('Konstanten'!$B$6:$B$10,MATCH($E16,'Konstanten'!$A$6:$A$10,1))),INDEX('Konstanten'!$B$6:$B$10,MATCH($E16,'Konstanten'!$A$6:$A$10,1))),"")) | L16: =IF($A16="","",IFERROR(IFERROR(INDEX('Konstanten'!$C$6:$C$10,MATCH($E16,'Konstanten'!$A$6:$A$10,1))+($E16-INDEX('Konstanten'!$A$6:$A$10,MATCH($E16,'Konstanten'!$A$6:$A$10,1)))/(INDEX('Konstanten'!$A$6:$A$10,MATCH($E16,'Konstanten'!$A$6:$A$10,1)+1)-INDEX('Konstanten'!$A$6:$A$10,MATCH($E16,'Konstanten'!$A$6:$A$10,1)))*(INDEX('Konstanten'!$C$6:$C$10,MATCH($E16,'Konstanten'!$A$6:$A$10,1)+1)-INDEX('Konstanten'!$C$6:$C$10,MATCH($E16,'Konstanten'!$A$6:$A$10,1))),INDEX('Konstanten'!$C$6:$C$10,MATCH($E16,'Konstanten'!$A$6:$A$10,1))),""))
A17: 200 | B17: 45 | C17: 35 | D17: 15 | E17: 0.05 | F17: 94 | G17: =IF(OR($A17="",$J17="",$K17="",$L17=""),"",'Konstanten'!$C$13*$K17*$L17^(1-($A17/1000)/0.075)*'Konstanten'!$C$14^'Konstanten'!$C$16*'Konstanten'!$C$15^'Konstanten'!$C$17*$J17) | H17: =IF(OR($A17="",$F17=""),"",$F17-$G17) | I17: =IF(OR($A17="",$F17=""),"",IFERROR(($F17-$G17)/$G17,"")) | J17: =IF($A17="","",IFERROR(($B17-$C17)/LN(($B17-$D17)/($C17-$D17)),"")) | K17: =IF($A17="","",IFERROR(IFERROR(INDEX('Konstanten'!$B$6:$B$10,MATCH($E17,'Konstanten'!$A$6:$A$10,1))+($E17-INDEX('Konstanten'!$A$6:$A$10,MATCH($E17,'Konstanten'!$A$6:$A$10,1)))/(INDEX('Konstanten'!$A$6:$A$10,MATCH($E17,'Konstanten'!$A$6:$A$10,1)+1)-INDEX('Konstanten'!$A$6:$A$10,MATCH($E17,'Konstanten'!$A$6:$A$10,1)))*(INDEX('Konstanten'!$B$6:$B$10,MATCH($E17,'Konstanten'!$A$6:$A$10,1)+1)-INDEX('Konstanten'!$B$6:$B$10,MATCH($E17,'Konstanten'!$A$6:$A$10,1))),INDEX('Konstanten'!$B$6:$B$10,MATCH($E17,'Konstanten'!$A$6:$A$10,1))),"")) | L17: =IF($A17="","",IFERROR(IFERROR(INDEX('Konstanten'!$C$6:$C$10,MATCH($E17,'Konstanten'!$A$6:$A$10,1))+($E17-INDEX('Konstanten'!$A$6:$A$10,MATCH($E17,'Konstanten'!$A$6:$A$10,1)))/(INDEX('Konstanten'!$A$6:$A$10,MATCH($E17,'Konstanten'!$A$6:$A$10,1)+1)-INDEX('Konstanten'!$A$6:$A$10,MATCH($E17,'Konstanten'!$A$6:$A$10,1)))*(INDEX('Konstanten'!$C$6:$C$10,MATCH($E17,'Konstanten'!$A$6:$A$10,1)+1)-INDEX('Konstanten'!$C$6:$C$10,MATCH($E17,'Konstanten'!$A$6:$A$10,1))),INDEX('Konstanten'!$C$6:$C$10,MATCH($E17,'Konstanten'!$A$6:$A$10,1))),""))
A18: 150 | B18: 45 | C18: 35 | D18: 15 | E18: 0.05 | F18: 105 | G18: =IF(OR($A18="",$J18="",$K18="",$L18=""),"",'Konstanten'!$C$13*$K18*$L18^(1-($A18/1000)/0.075)*'Konstanten'!$C$14^'Konstanten'!$C$16*'Konstanten'!$C$15^'Konstanten'!$C$17*$J18) | H18: =IF(OR($A18="",$F18=""),"",$F18-$G18) | I18: =IF(OR($A18="",$F18=""),"",IFERROR(($F18-$G18)/$G18,"")) | J18: =IF($A18="","",IFERROR(($B18-$C18)/LN(($B18-$D18)/($C18-$D18)),"")) | K18: =IF($A18="","",IFERROR(IFERROR(INDEX('Konstanten'!$B$6:$B$10,MATCH($E18,'Konstanten'!$A$6:$A$10,1))+($E18-INDEX('Konstanten'!$A$6:$A$10,MATCH($E18,'Konstanten'!$A$6:$A$10,1)))/(INDEX('Konstanten'!$A$6:$A$10,MATCH($E18,'Konstanten'!$A$6:$A$10,1)+1)-INDEX('Konstanten'!$A$6:$A$10,MATCH($E18,'Konstanten'!$A$6:$A$10,1)))*(INDEX('Konstanten'!$B$6:$B$10,MATCH($E18,'Konstanten'!$A$6:$A$10,1)+1)-INDEX('Konstanten'!$B$6:$B$10,MATCH($E18,'Konstanten'!$A$6:$A$10,1))),INDEX('Konstanten'!$B$6:$B$10,MATCH($E18,'Konstanten'!$A$6:$A$10,1))),"")) | L18: =IF($A18="","",IFERROR(IFERROR(INDEX('Konstanten'!$C$6:$C$10,MATCH($E18,'Konstanten'!$A$6:$A$10,1))+($E18-INDEX('Konstanten'!$A$6:$A$10,MATCH($E18,'Konstanten'!$A$6:$A$10,1)))/(INDEX('Konstanten'!$A$6:$A$10,MATCH($E18,'Konstanten'!$A$6:$A$10,1)+1)-INDEX('Konstanten'!$A$6:$A$10,MATCH($E18,'Konstanten'!$A$6:$A$10,1)))*(INDEX('Konstanten'!$C$6:$C$10,MATCH($E18,'Konstanten'!$A$6:$A$10,1)+1)-INDEX('Konstanten'!$C$6:$C$10,MATCH($E18,'Konstanten'!$A$6:$A$10,1))),INDEX('Konstanten'!$C$6:$C$10,MATCH($E18,'Konstanten'!$A$6:$A$10,1))),""))
A19: 100 | B19: 45 | C19: 35 | D19: 15 | E19: 0.05 | F19: 119 | G19: =IF(OR($A19="",$J19="",$K19="",$L19=""),"",'Konstanten'!$C$13*$K19*$L19^(1-($A19/1000)/0.075)*'Konstanten'!$C$14^'Konstanten'!$C$16*'Konstanten'!$C$15^'Konstanten'!$C$17*$J19) | H19: =IF(OR($A19="",$F19=""),"",$F19-$G19) | I19: =IF(OR($A19="",$F19=""),"",IFERROR(($F19-$G19)/$G19,"")) | J19: =IF($A19="","",IFERROR(($B19-$C19)/LN(($B19-$D19)/($C19-$D19)),"")) | K19: =IF($A19="","",IFERROR(IFERROR(INDEX('Konstanten'!$B$6:$B$10,MATCH($E19,'Konstanten'!$A$6:$A$10,1))+($E19-INDEX('Konstanten'!$A$6:$A$10,MATCH($E19,'Konstanten'!$A$6:$A$10,1)))/(INDEX('Konstanten'!$A$6:$A$10,MATCH($E19,'Konstanten'!$A$6:$A$10,1)+1)-INDEX('Konstanten'!$A$6:$A$10,MATCH($E19,'Konstanten'!$A$6:$A$10,1)))*(INDEX('Konstanten'!$B$6:$B$10,MATCH($E19,'Konstanten'!$A$6:$A$10,1)+1)-INDEX('Konstanten'!$B$6:$B$10,MATCH($E19,'Konstanten'!$A$6:$A$10,1))),INDEX('Konstanten'!$B$6:$B$10,MATCH($E19,'Konstanten'!$A$6:$A$10,1))),"")) | L19: =IF($A19="","",IFERROR(IFERROR(INDEX('Konstanten'!$C$6:$C$10,MATCH($E19,'Konstanten'!$A$6:$A$10,1))+($E19-INDEX('Konstanten'!$A$6:$A$10,MATCH($E19,'Konstanten'!$A$6:$A$10,1)))/(INDEX('Konstanten'!$A$6:$A$10,MATCH($E19,'Konstanten'!$A$6:$A$10,1)+1)-INDEX('Konstanten'!$A$6:$A$10,MATCH($E19,'Konstanten'!$A$6:$A$10,1)))*(INDEX('Konstanten'!$C$6:$C$10,MATCH($E19,'Konstanten'!$A$6:$A$10,1)+1)-INDEX('Konstanten'!$C$6:$C$10,MATCH($E19,'Konstanten'!$A$6:$A$10,1))),INDEX('Konstanten'!$C$6:$C$10,MATCH($E19,'Konstanten'!$A$6:$A$10,1))),""))
A20: 50 | B20: 45 | C20: 35 | D20: 15 | E20: 0.05 | F20: 135 | G20: =IF(OR($A20="",$J20="",$K20="",$L20=""),"",'Konstanten'!$C$13*$K20*$L20^(1-($A20/1000)/0.075)*'Konstanten'!$C$14^'Konstanten'!$C$16*'Konstanten'!$C$15^'Konstanten'!$C$17*$J20) | H20: =IF(OR($A20="",$F20=""),"",$F20-$G20) | I20: =IF(OR($A20="",$F20=""),"",IFERROR(($F20-$G20)/$G20,"")) | J20: =IF($A20="","",IFERROR(($B20-$C20)/LN(($B20-$D20)/($C20-$D20)),"")) | K20: =IF($A20="","",IFERROR(IFERROR(INDEX('Konstanten'!$B$6:$B$10,MATCH($E20,'Konstanten'!$A$6:$A$10,1))+($E20-INDEX('Konstanten'!$A$6:$A$10,MATCH($E20,'Konstanten'!$A$6:$A$10,1)))/(INDEX('Konstanten'!$A$6:$A$10,MATCH($E20,'Konstanten'!$A$6:$A$10,1)+1)-INDEX('Konstanten'!$A$6:$A$10,MATCH($E20,'Konstanten'!$A$6:$A$10,1)))*(INDEX('Konstanten'!$B$6:$B$10,MATCH($E20,'Konstanten'!$A$6:$A$10,1)+1)-INDEX('Konstanten'!$B$6:$B$10,MATCH($E20,'Konstanten'!$A$6:$A$10,1))),INDEX('Konstanten'!$B$6:$B$10,MATCH($E20,'Konstanten'!$A$6:$A$10,1))),"")) | L20: =IF($A20="","",IFERROR(IFERROR(INDEX('Konstanten'!$C$6:$C$10,MATCH($E20,'Konstanten'!$A$6:$A$10,1))+($E20-INDEX('Konstanten'!$A$6:$A$10,MATCH($E20,'Konstanten'!$A$6:$A$10,1)))/(INDEX('Konstanten'!$A$6:$A$10,MATCH($E20,'Konstanten'!$A$6:$A$10,1)+1)-INDEX('Konstanten'!$A$6:$A$10,MATCH($E20,'Konstanten'!$A$6:$A$10,1)))*(INDEX('Konstanten'!$C$6:$C$10,MATCH($E20,'Konstanten'!$A$6:$A$10,1)+1)-INDEX('Konstanten'!$C$6:$C$10,MATCH($E20,'Konstanten'!$A$6:$A$10,1))),INDEX('Konstanten'!$C$6:$C$10,MATCH($E20,'Konstanten'!$A$6:$A$10,1))),""))
A21: Gesamtabweichung (Σ über alle Punkte): | H21: =SUM($H$9:$H$20) | I21: =IFERROR(SUM($H$9:$H$20)/SUM($G$9:$G$20),"")
A23: Hinweise
A24: • Jede Zeile vergleicht einen eigenen Auslegungspunkt (Spalten A–E) mit dem Hersteller-/Referenzwert (Spalte F).
A25: • q berechnet (Spalte G): vollständiges EN-1264-Produktverfahren (Bauart A), direkt aus den Faktoren B, a_B, a_T, a_ü, a_D.
A26: • Hersteller-q (Spalte F): vorbelegt mit 12 Punkten des Rehau 17×2-Systems (s_ü = 45 mm, Verlegeabstand 50–300 mm).
A27: • Die Faktoren a_B, a_T je R-Wert sowie B, a_ü, a_D stehen im Blatt Konstanten und bestimmen das Ergebnis.
A28: • Andere nach EN 1264 zertifizierte Systeme (Uponor, Purmo, Buderus, Kermi …) liegen nah an diesen Werten.

Sheet Anleitung
A1: Anleitung / Bedienung
B3: Aufbau der Mappe | D3: Schritt für Schritt
B4: • Deckblatt – Übersicht (Input / Verarbeitung / Output) | D4: 1. Grundeinstellungen ausfüllen: Temperaturen, Rohr-
B5: • Grundeinstellungen – globale Werte | D5: system, Stoffwerte, Grenzwerte.
B6: • Auslegung – Raumliste mit allen Berechnungen | D6: 2. Konstanten prüfen / erweitern (Rohre, R-Werte, Zonen).
B7: • Kontrolle – Summen & Warnungen | D7: 3. Verifikation: Systemfaktor f kalibrieren – VOR der
B8: • HKV – Auswertung je Heizkreisverteiler | D8: Raumauslegung (er wirkt auf alle Räume).
B9: • Verifikation – Abgleich mit Herstellerdaten | D9: 4. Bauteilliste (Schedule) aus Revit nach Excel exportieren
B10: • Anleitung – diese Seite | D10: – Spalten A–F (HKV, Raum-Nr., Bezeichnung, Raum-
B11: • Methodik – Formeln & Annahmen | D11: fläche, Raumtemperatur, Heizlast).
B12: • Konstanten – Nachschlagetabellen | D12: 5. Export in die Auslegung übernehmen (A–F).
B13: • Changelog – Versionen | D13: 6. Spalte G (spez. Heizlast) frei lassen – wird berechnet.
D14: 7. Spalten H–M je Raum ergänzen (aktiv. Fläche, R-Wert,
B15: Farblegende | D15: Verlegeabstand, Kreise, Zuleitung, Zone).
B16: • Blau (gelb hinterlegt) = Eingabe | D16: 8. Ergebnisse prüfen: Ampel in Auslegung + 'Kontrolle'.
B17: • Schwarz = berechnet (nicht ändern)
B18: • Grün = OK, Rot = Warnung / Grenzwert überschritten | D18: Spalten der Auslegung
B19: • Nur die blauen Eingabezellen bearbeiten. | D19: Aus Revit (A–F): HKV, Raum-Nr., Bezeichnung,
D20: Raumfläche, Raumtemperatur, Heizlast.
B21: Ampel-Legende (warum ist eine Zelle rot?) | D21: Berechnet (G): spez. Heizlast (nicht ändern).
B22: • Deckung < 100 % → Heizlast nicht gedeckt | D22: Im Tool (H–M): aktiv. Fläche, R-Wert, Verlege-
B23: • Oberflächentemperatur > Zonen-Grenztemperatur | D23: abstand, Kreise, Zuleitung, Zone.
B24: • Rohrlänge je Kreis > max. Kreislänge
B25: • Druckverlust je Kreis > Warnschwelle | D25: Mehrere Verteiler / Geschosse auslegen
B26: • Geschwindigkeit außerhalb der Grenzen | D26: • Verteiler je Raum in Spalte A (HKV) eintragen
B27: • Volumenstrom je Kreis > Grenzwert | D27: (z. B. HKV EG, HKV OG, HKV 1.OG …).
B28: • aktivierbare Fläche > Raumfläche | D28: • Das Blatt 'HKV' wertet jeden Verteiler automatisch
B29: Grenzwerte stehen in den Grundeinstellungen, | D29: aus (Kreise, Leistung, Volumenstrom, max. Δp).
B30: Zonen-Grenztemperaturen in den Konstanten. | D30: • Beliebig viele Verteiler in EINER Liste – einfach
D31: weitere Räume ergänzen.

Sheet Methodik
A1: Methodik & Annahmen
B4: Formelzeichen / Variablen | D4: Berechnungsschritte
B5: θV, θR — Vor-/Rücklauftemperatur [°C]
B6: θi — Raumtemperatur [°C] | D6: 1) ΔθH = (θV−θR) / ln((θV−θi)/(θR−θi)) | F6: 6) q_u = ((θV+θR)/2 − θ_u)/R_u ; Verlust = q_u · Fläche
B7: θu — Temperatur unter der Decke [°C] | D7: Mittlere treibende Temperaturdifferenz Heizwasser ↔ Raum (log. Mittel). | F7: Wärmeabgabe nach unten durch die Dämmung.
B8: ΔθH — log. Übertemperatur [K]
B9: q — spez. Heizleistung nach oben [W/m²] | D9: 2) m_T = 1 − Abstand/0,075 ; m_ü = 100·(0,045 − s_ü) ; m_D = 250·(D − 0,020) | F9: 7) maßgebl. Leistung = MIN(Leistung ; Heizlast) + Verlust
B10: α — Wärmeübergang Oberfläche [W/m²K] | D10: Exponenten aus Verlegeabstand, Estrichüberdeckung und Rohr-Außendurchmesser. | F10: Tatsächlich transportierte Wärme (Basis für Massenstrom).
B11: RBelag — Widerstand Bodenbelag [m²K/W]
B12: sü — Estrichüberdeckung [m] | D12: 3) q = B · a_B · a_T^m_T · a_ü^m_ü · a_D^m_D · ΔθH | F12: 8) L_Kreis = (Fläche/Verlegeabstand + 2·Zuleitung·Kreise)/Kreise
B13: λE — Wärmeleitfähigkeit Estrich [W/mK] | D13: EN-1264-Produktverfahren (Bauart A); a_B, a_T je R-Wert aus den Konstanten. | F13: Rohrlänge je Kreis; Prüfung gegen max. Kreislänge.
B14: B — Systemkoeffizient (EN 1264) [W/m²K]
B15: aB, aT — Bodenbelag-/Teilungsfaktor [-] | D15: 4) θF = θi + q/α | F15: 9) ṁ = (maßgebl. Leistung/Kreise)/(c_p·(θV−θR))
B16: aü, aD — Überdeckungs-/Durchmesserfaktor [-] | D16: Bodenoberflächentemperatur; Prüfung gegen θF,max. | F16: v = V̇/A_i ; Re = v·di/ν ; Re < 2300 = laminar.
B17: Ru — Widerstand nach unten [m²K/W]
B18: qu — Wärmestrom nach unten [W/m²] | D18: 5) Leistung oben = q · Fläche ; Deckung % = Leistung / Heizlast | F18: 10) Δp = λ·(L/di)·(ρ/2)·v²·(1+Zuschlag) + Verteiler
B19: θF, θF,max — Oberflächentemp. / Grenze [°C] | D19: Prüft, ob die FBH die Heizlast deckt (≥ 100 %). | F19: Druckverlust je Kreis; Kontrolle gegen Warnschwelle.
B20: di, Ai — Rohr-Innen-Ø / -Querschnitt
B21: ρ, cp, ν — Dichte / Wärmekap. / Viskosität | F21: Hinweise
B22: ṁ, V̇ — Massen-/Volumenstrom [kg/h]/[l/h] | F22: • Gilt für Bauart A nach DIN EN 1264 (Heizrohre im Estrich).
B23: v, Re, λ — Geschw. / Reynolds / Reibung | F23: • Faktoren a_B, a_T, a_ü, a_D und B stehen editierbar im Blatt Konstanten.
B24: LKreis — Rohrlänge je Kreis [m] | F24: • Wärmeabgabe nach unten global; pauschale Δp-Zuschläge (Hydraulik wie Basis-Tool).
B25: Δp — Druckverlust [Pa]

Sheet Konstanten
A1: Konstanten / Bibliotheken
A3: Nachschlage-Tabellen (editierbar). Tabellen durch weiße Zellen getrennt.
A4: EN-1264-Faktoren (Bauart A) | G4: Zonen / max. Oberflächentemp. | K4: R-Werte Bodenbeläge
A5: R-Wert [m²K/W] | B5: a_B [-] | C5: a_T [-] | G5: Zone | H5: Kürzel | I5: θF,max [°C] | K5: Bodenbelag | L5: R [m²·K/W]
A6: 0 | B6: 1.0846 | C6: 1.2393 | G6: Aufenthaltszone | H6: AZ | I6: 29 | K6: ohne Belag (roh) | L6: 0
A7: 0.05 | B7: 0.788 | C7: 1.1957 | G7: Randzone | H7: RZ | I7: 35 | K7: Keramik / Feinsteinzeug | L7: 0.01
A8: 0.1 | B8: 0.6143 | C8: 1.1646 | G8: Badezimmer | H8: BAD | I8: 33 | K8: Fliesen 8 mm | L8: 0.012
A9: 0.15 | B9: 0.5067 | C9: 1.1403 | K9: Naturstein / Marmor | L9: 0.015
A10: 0.2 | B10: 0.4311 | C10: 1.116 | K10: PVC / Vinyl (verklebt) | L10: 0.02
K11: Designboden (Klick) | L11: 0.04
A12: EN-1264-Parameter | K12: Linoleum 2,5 mm | L12: 0.05
A13: Systemkoeffizient B | C13: 6.7 | D13: W/m²K | K13: Klick-Vinyl (schwimmend) | L13: 0.055
A14: Überdeckungsfaktor aü | C14: 1.07 | D14: - | K14: Laminat + Trittschall | L14: 0.06
A15: Rohrdurchmesser-Faktor aD | C15: 1.06 | D15: - | K15: Parkett / Fertigparkett | L15: 0.075
A16: Überdeckungs-Exponent mü | C16: =100*(0.045-'Grundeinstellungen'!$J$7) | D16: - | K16: Mehrschichtparkett 14 mm | L16: 0.09
A17: Durchmesser-Exponent mD | C17: =250*('Grundeinstellungen'!$J$17/1000-0.020) | D17: - | K17: Kork | L17: 0.1
K18: Teppich (dünn) | L18: 0.1
A19: Rohrbibliothek (di = da − 2·s) | K19: Holzdielen | L19: 0.11
A20: Rohrsystem | B20: da [mm] | C20: s [mm] | D20: di [mm] | E20: k [mm] | K20: Massivholzdielen 20 mm | L20: 0.13
A21: PE-Xa 17x2 | B21: 17 | C21: 2 | D21: =IF(B21="","",B21-2*C21) | E21: 0.007 | K21: Teppich (mittel) | L21: 0.14
A22: PE-Xa 16x2 | B22: 16 | C22: 2 | D22: =IF(B22="","",B22-2*C22) | E22: 0.007 | K22: Teppich (dick) | L22: 0.17
A23: PE-Xa 20x2 | B23: 20 | C23: 2 | D23: =IF(B23="","",B23-2*C23) | E23: 0.007
A24: PE-RT 14x2 | B24: 14 | C24: 2 | D24: =IF(B24="","",B24-2*C24) | E24: 0.007
D25: =IF(B25="","",B25-2*C25)
D26: =IF(B26="","",B26-2*C26)
D27: =IF(B27="","",B27-2*C27)
D28: =IF(B28="","",B28-2*C28)

Sheet Changelog
A1: Changelog – FBH-Auslegung
C3: Version 0.4 · dh
A5: Version | B5: Datum | C5: Änderungen
A6: 0.4 | B6: 2026-06-17 | C6: • Graustufen-Design auf ALLE Blätter übertragen: dunkelblaue Flächen/Schrift → Grau bzw. Schwarz, gelbe Eingabefelder → helles Grau.
C7: • Auslegung: Status-Spalte (✓/!) wieder entfernt; Bewertung jetzt über die Schriftfarbe – leicht grün = im Rahmen, leicht rot = Grenzwert überschritten (auch in Kontrolle und Verifikation).
C8: • Tabellenkopf einheitlich in kräftigerem Grau; editierbare Zellen in hellerem Grau.
A9: 0.3 | B9: 2026-06-17 | C9: • Diese EN-1264-Mappe ist jetzt die Hauptvariante; die vereinfachte Mappe wurde nach 'archiv/' verschoben.
C10: • Auslegung im Graustufen-Design: Schrift durchgehend schwarz (auch Einheiten), Eingabe-/editierbare Zellen grau hinterlegt; Farbe nur noch im Logo.
C11: • Bewertung als Symbol statt Farbe: neue Spalte 'Status' mit ✓ (alle Prüfungen ok) bzw. ! (Warnung) – auch im Schwarz-Weiß-Druck erkennbar; rote/grüne Zellhintergründe entfallen.
C12: • Zebra-Streifen (jede zweite sichtbare Zeile) über bedingte Formatierung mit SUBTOTAL (filterfest); neue Filterfunktion (AutoFilter), Filtern trotz Blattschutz möglich.
A13: 0.2 | B13: 2026-06-16 | C13: • EN-1264-Parameter (B, a_ü, a_D, m_ü, m_D) von den Grundeinstellungen ins Blatt 'Konstanten' verschoben – alle EN-1264-Faktoren stehen jetzt zusammen.
C14: • Konstanten neu geordnet: jede Tabelle durch weiße Leerzellen/-spalten optisch getrennt; passt auf eine A4-Quer-Seite.
C15: • Verifikation/Hinweise sprachlich bereinigt (kein Verweis mehr auf einen Systemfaktor; Faktor-Werte können durch die Norm-Werte ersetzt werden).
A16: 0.1 | B16: 2026-06-16 | C16: • Eigenständige Mappe: vollständige Auslegung nach dem Berechnungsansatz der DIN EN 1264-2 (Bauart A, Heizrohre im Estrich).
C17: • Wärmestromdichte über das Produktverfahren q = B · a_B · a_T^mT · a_ü^mü · a_D^mD · ΔθH (kein pauschaler Systemfaktor f mehr).
C18: • Faktoren a_B(R) und a_T(R) als editierbare Tabelle (an die veröffentlichten EN-1264-Leistungstabellen kalibriert: fbh24 max. 1,2 %, Rehau 17×2 −1,7 % gesamt).
C19: • Exponenten m_T = 1 − Verlegeabstand/0,075, m_ü = 100·(0,045 − s_ü), m_D = 250·(D − 0,020) aus den Geometriedaten; Systemkoeffizient B = 6,7 W/m²K.
C20: • Hydraulik (Massenstrom, Druckverlust nach Darcy-Weisbach), HKV-Auswertung und Kontrolle wie im vereinfachten Tool.
C21: • Hinweis: a_B/a_T sind kalibriert, a_ü/a_D EN-1264-orientierte Richtwerte – bei Bedarf gegen die Norm-Tabelle (DIN EN 1264-2, Tab. A.1) prüfen.
